,Respondent ID,Age,Residency type,Residency name,Occupation,Reading,Cooking,Wachting sports on tv,Travel,Health & Fitness,Size,Rugged Delicate,Exitable Calm,Uncomfortable Comfortable,Dominating Submissive,Thrifty Indulgent,Pleasant Unpleasant,Contemporary Uncontemporary,Organized Unorganized,Rational Emotional,Youthful Mature,Formal Informal,Orthodox Liberal,Complex Simple,Colorful Colorless,Modest Vain,Cluster,Unnamed: 0,0,1,2,3,4,5,6,7,8,9,10,11,12,13,14,15,16,17,18,19,20,21,22,23,24,25,26,27,28,29,30,31,32,33,34,35,36,37,38,39,40,41,42,43,44,45,46,47,48,49,50,51,52,53,54,55,56,57,58,59,60,61,62,63,64,65,66,67,68,69,70,71,72,73,74,75,76,77,78,79,80,81,82,83,84,85,86,87,88,89,90,91,92,93,94,95,96,97,98,99
0,13264663777,25,Village,Oisterwijk,Work,4,1,2,3,5,38,4,2,3,5,5,1,5,2,4,5,3,2,4,4,2,2,13264663777,True,False,False,False,False,True,True,False,False,True,True,True,True,True,True,False,True,True,False,True,False,True,False,False,False,Not rated,Not rated,Not rated,Not rated,Not rated,Not rated,Not rated,Not rated,Not rated,Not rated,Not rated,Not rated,Not rated,Not rated,Not rated,Not rated,Not rated,Not rated,Not rated,Not rated,Not rated,Not rated,Not rated,Not rated,Not rated,Not rated,Not rated,Not rated,Not rated,Not rated,Not rated,Not rated,Not rated,Not rated,Not rated,Not rated,Not rated,Not rated,Not rated,Not rated,Not rated,Not rated,Not rated,Not rated,Not rated,Not rated,Not rated,Not rated,Not rated,Not rated,Not rated,Not rated,Not rated,Not rated,Not rated,Not rated,Not rated,Not rated,Not rated,Not rated,Not rated,Not rated,Not rated,Not rated,Not rated,Not rated,Not rated,Not rated,Not rated,Not rated,Not rated,Not rated,Not rated,Not rated,Not rated
1,13263750995,23,City,Breda,Student,5,3,4,2,1,36,1,2,5,3,6,1,0,6,2,2,6,6,3,1,5,2,13263750995,True,False,True,False,False,True,True,False,False,False,False,False,True,False,True,False,True,False,True,True,True,True,False,False,False,Not rated,Not rated,Not rated,Not rated,Not rated,Not rated,Not rated,Not rated,Not rated,Not rated,Not rated,Not rated,Not rated,Not rated,Not rated,Not rated,Not rated,Not rated,Not rated,Not rated,Not rated,Not rated,Not rated,Not rated,Not rated,Not rated,Not rated,Not rated,Not rated,Not rated,Not rated,Not rated,Not rated,Not rated,Not rated,Not rated,Not rated,Not rated,Not rated,Not rated,Not rated,Not rated,Not rated,Not rated,Not rated,Not rated,Not rated,Not rated,Not rated,Not rated,Not rated,Not rated,Not rated,Not rated,Not rated,Not rated,Not rated,Not rated,Not rated,Not rated,Not rated,Not rated,Not rated,Not rated,Not rated,Not rated,Not rated,Not rated,Not rated,Not rated,Not rated,Not rated,Not rated,Not rated,Not rated
2,13263613156,30,"Village, City",Amsterdam,Student,1,2,3,5,4,38,5,5,6,7,1,1,7,0,6,3,5,0,6,1,0,2,13263613156,True,False,False,False,True,False,True,True,True,True,True,False,True,True,True,False,False,False,True,False,True,False,False,False,True,Not rated,Not rated,Not rated,Not rated,Not rated,Not rated,Not rated,Not rated,Not rated,Not rated,Not rated,Not rated,Not rated,Not rated,Not rated,Not rated,Not rated,Not rated,Not rated,Not rated,Not rated,Not rated,Not rated,Not rated,Not rated,Not rated,Not rated,Not rated,Not rated,Not rated,Not rated,Not rated,Not rated,Not rated,Not rated,Not rated,Not rated,Not rated,Not rated,Not rated,Not rated,Not rated,Not rated,Not rated,Not rated,Not rated,Not rated,Not rated,Not rated,Not rated,Not rated,Not rated,Not rated,Not rated,Not rated,Not rated,Not rated,Not rated,Not rated,Not rated,Not rated,Not rated,Not rated,Not rated,Not rated,Not rated,Not rated,Not rated,Not rated,Not rated,Not rated,Not rated,Not rated,Not rated,Not rated
3,13249068738,22,Village,"Dongen, NL",Student,3,1,5,2,4,36,5,4,2,4,6,2,2,3,6,5,4,5,4,5,3,0,13249068738,False,False,False,False,False,False,False,False,False,False,False,False,False,False,False,False,False,False,False,False,False,False,False,False,False,Not rated,Not rated,Not rated,Not rated,Not rated,Not rated,Not rated,Not rated,Not rated,Not rated,Not rated,Not rated,Not rated,Not rated,Not rated,Not rated,Not rated,Not rated,Not rated,Not rated,Not rated,Not rated,Not rated,Not rated,Not rated,Not rated,Not rated,Not rated,Not rated,Not rated,Not rated,Not rated,Not rated,Not rated,Not rated,Not rated,Not rated,Not rated,Not rated,Not rated,Not rated,Not rated,Not rated,Not rated,Not rated,Not rated,Not rated,Not rated,Not rated,Not rated,Not rated,Not rated,Not rated,Not rated,Not rated,Not rated,Not rated,Not rated,Not rated,Not rated,Not rated,Not rated,Not rated,Not rated,Not rated,Not rated,Not rated,Not rated,Not rated,Not rated,Not rated,Not rated,Not rated,Not rated,Not rated
4,13244840492,22,City,Breda,Student,1,3,2,4,5,38,2,2,7,2,4,1,2,2,3,3,5,4,2,6,3,1,13244840492,False,True,True,True,True,True,True,False,True,False,True,True,True,True,False,False,True,False,True,True,False,True,False,True,True,Not rated,Not rated,Not rated,Not rated,Not rated,Not rated,Not rated,Not rated,Not rated,Not rated,Not rated,Not rated,Not rated,Not rated,Not rated,Not rated,Not rated,Not rated,Not rated,Not rated,Not rated,Not rated,Not rated,Not rated,Not rated,Not rated,Not rated,Not rated,Not rated,Not rated,Not rated,Not rated,Not rated,Not rated,Not rated,Not rated,Not rated,Not rated,Not rated,Not rated,Not rated,Not rated,Not rated,Not rated,Not rated,Not rated,Not rated,Not rated,Not rated,Not rated,Not rated,Not rated,Not rated,Not rated,Not rated,Not rated,Not rated,Not rated,Not rated,Not rated,Not rated,Not rated,Not rated,Not rated,Not rated,Not rated,Not rated,Not rated,Not rated,Not rated,Not rated,Not rated,Not rated,Not rated,Not rated
5,13244520859,28,City,Almere,Work,4,2,5,1,3,40,3,1,7,4,3,0,4,0,5,3,6,4,4,7,1,0,13244520859,True,False,True,True,False,False,False,False,False,False,True,True,True,True,True,False,True,False,True,True,True,True,False,True,True,Not rated,Not rated,Not rated,Not rated,Not rated,Not rated,Not rated,Not rated,Not rated,Not rated,Not rated,Not rated,Not rated,Not rated,Not rated,Not rated,Not rated,Not rated,Not rated,Not rated,Not rated,Not rated,Not rated,Not rated,Not rated,Not rated,Not rated,Not rated,Not rated,Not rated,Not rated,Not rated,Not rated,Not rated,Not rated,Not rated,Not rated,Not rated,Not rated,Not rated,Not rated,Not rated,Not rated,Not rated,Not rated,Not rated,Not rated,Not rated,Not rated,Not rated,Not rated,Not rated,Not rated,Not rated,Not rated,Not rated,Not rated,Not rated,Not rated,Not rated,Not rated,Not rated,Not rated,Not rated,Not rated,Not rated,Not rated,Not rated,Not rated,Not rated,Not rated,Not rated,Not rated,Not rated,Not rated
6,13240718620,23,City,Tilburg,Student,4,1,5,2,3,38,2,2,4,3,6,3,3,4,4,3,6,5,4,6,4,0,13240718620,False,False,True,False,True,False,False,False,False,True,True,False,False,True,False,False,True,True,False,False,True,False,False,False,True,Not rated,Not rated,Not rated,Not rated,Not rated,Not rated,Not rated,Not rated,Not rated,Not rated,Not rated,Not rated,Not rated,Not rated,Not rated,Not rated,Not rated,Not rated,Not rated,Not rated,Not rated,Not rated,Not rated,Not rated,Not rated,Not rated,Not rated,Not rated,Not rated,Not rated,Not rated,Not rated,Not rated,Not rated,Not rated,Not rated,Not rated,Not rated,Not rated,Not rated,Not rated,Not rated,Not rated,Not rated,Not rated,Not rated,Not rated,Not rated,Not rated,Not rated,Not rated,Not rated,Not rated,Not rated,Not rated,Not rated,Not rated,Not rated,Not rated,Not rated,Not rated,Not rated,Not rated,Not rated,Not rated,Not rated,Not rated,Not rated,Not rated,Not rated,Not rated,Not rated,Not rated,Not rated,Not rated
7,13240463751,26,City,Almere,Work,2,3,5,4,1,38,5,5,7,4,4,2,4,3,4,4,3,6,2,4,3,1,13240463751,False,False,True,True,True,False,True,False,True,False,True,True,False,True,False,True,True,True,True,True,True,True,True,False,True,Not rated,Not rated,Not rated,Not rated,Not rated,Not rated,Not rated,Not rated,Not rated,Not rated,Not rated,Not rated,Not rated,Not rated,Not rated,Not rated,Not rated,Not rated,Not rated,Not rated,Not rated,Not rated,Not rated,Not rated,Not rated,Not rated,Not rated,Not rated,Not rated,Not rated,Not rated,Not rated,Not rated,Not rated,Not rated,Not rated,Not rated,Not rated,Not rated,Not rated,Not rated,Not rated,Not rated,Not rated,Not rated,Not rated,Not rated,Not rated,Not rated,Not rated,Not rated,Not rated,Not rated,Not rated,Not rated,Not rated,Not rated,Not rated,Not rated,Not rated,Not rated,Not rated,Not rated,Not rated,Not rated,Not rated,Not rated,Not rated,Not rated,Not rated,Not rated,Not rated,Not rated,Not rated,Not rated
8,13239966016,23,City,Utrecht,Student,3,2,4,1,5,34,5,2,5,6,4,1,0,0,6,3,6,5,4,6,6,1,13239966016,True,True,True,False,True,False,False,False,False,False,False,False,True,False,False,False,True,True,False,False,False,True,False,False,True,Not rated,Not rated,Not rated,Not rated,Not rated,Not rated,Not rated,Not rated,Not rated,Not rated,Not rated,Not rated,Not rated,Not rated,Not rated,Not rated,Not rated,Not rated,Not rated,Not rated,Not rated,Not rated,Not rated,Not rated,Not rated,Not rated,Not rated,Not rated,Not rated,Not rated,Not rated,Not rated,Not rated,Not rated,Not rated,Not rated,Not rated,Not rated,Not rated,Not rated,Not rated,Not rated,Not rated,Not rated,Not rated,Not rated,Not rated,Not rated,Not rated,Not rated,Not rated,Not rated,Not rated,Not rated,Not rated,Not rated,Not rated,Not rated,Not rated,Not rated,Not rated,Not rated,Not rated,Not rated,Not rated,Not rated,Not rated,Not rated,Not rated,Not rated,Not rated,Not rated,Not rated,Not rated,Not rated
9,13239867945,21,Village,Ulvenhout,Student,4,3,5,1,2,38,5,2,1,6,6,1,1,1,5,4,3,5,5,5,4,1,13239867945,False,False,False,False,False,False,False,False,False,False,False,False,False,False,False,False,False,False,False,False,False,False,False,False,False,Not rated,Not rated,Not rated,Not rated,Not rated,Not rated,Not rated,Not rated,Not rated,Not rated,Not rated,Not rated,Not rated,Not rated,Not rated,Not rated,Not rated,Not rated,Not rated,Not rated,Not rated,Not rated,Not rated,Not rated,Not rated,Not rated,Not rated,Not rated,Not rated,Not rated,Not rated,Not rated,Not rated,Not rated,Not rated,Not rated,Not rated,Not rated,Not rated,Not rated,Not rated,Not rated,Not rated,Not rated,Not rated,Not rated,Not rated,Not rated,Not rated,Not rated,Not rated,Not rated,Not rated,Not rated,Not rated,Not rated,Not rated,Not rated,Not rated,Not rated,Not rated,Not rated,Not rated,Not rated,Not rated,Not rated,Not rated,Not rated,Not rated,Not rated,Not rated,Not rated,Not rated,Not rated,Not rated
10,13239806794,22,"Village, City",Utrecht,Student,5,2,3,1,4,40,5,3,3,5,5,0,1,3,5,2,2,2,1,4,4,0,13239806794,False,True,True,False,True,False,False,False,True,False,True,False,True,False,False,False,True,True,False,False,True,True,False,False,True,Not rated,Not rated,Not rated,Not rated,Not rated,Not rated,Not rated,Not rated,Not rated,Not rated,Not rated,Not rated,Not rated,Not rated,Not rated,Not rated,Not rated,Not rated,Not rated,Not rated,Not rated,Not rated,Not rated,Not rated,Not rated,Not rated,Not rated,Not rated,Not rated,Not rated,Not rated,Not rated,Not rated,Not rated,Not rated,Not rated,Not rated,Not rated,Not rated,Not rated,Not rated,Not rated,Not rated,Not rated,Not rated,Not rated,Not rated,Not rated,Not rated,Not rated,Not rated,Not rated,Not rated,Not rated,Not rated,Not rated,Not rated,Not rated,Not rated,Not rated,Not rated,Not rated,Not rated,Not rated,Not rated,Not rated,Not rated,Not rated,Not rated,Not rated,Not rated,Not rated,Not rated,Not rated,Not rated
11,13239762236,23,City,Utrecht,Student,4,1,2,3,5,36,3,5,2,1,4,1,1,1,4,4,5,5,5,3,2,0,13239762236,False,True,False,False,False,False,False,False,False,False,False,False,True,False,False,False,True,False,False,False,False,True,True,False,False,Not rated,Not rated,Not rated,Not rated,Not rated,Not rated,Not rated,Not rated,Not rated,Not rated,Not rated,Not rated,Not rated,Not rated,Not rated,Not rated,Not rated,Not rated,Not rated,Not rated,Not rated,Not rated,Not rated,Not rated,Not rated,Not rated,Not rated,Not rated,Not rated,Not rated,Not rated,Not rated,Not rated,Not rated,Not rated,Not rated,Not rated,Not rated,Not rated,Not rated,Not rated,Not rated,Not rated,Not rated,Not rated,Not rated,Not rated,Not rated,Not rated,Not rated,Not rated,Not rated,Not rated,Not rated,Not rated,Not rated,Not rated,Not rated,Not rated,Not rated,Not rated,Not rated,Not rated,Not rated,Not rated,Not rated,Not rated,Not rated,Not rated,Not rated,Not rated,Not rated,Not rated,Not rated,Not rated
12,13239741363,23,"Village, City","Dongen, Utrecht",Student,5,3,2,1,4,34,3,2,5,3,3,2,3,0,2,4,6,5,4,4,3,2,13239741363,True,True,False,False,False,False,True,False,True,False,True,False,False,False,False,False,True,True,False,False,False,True,False,True,False,Not rated,Not rated,Not rated,Not rated,Not rated,Not rated,Not rated,Not rated,Not rated,Not rated,Not rated,Not rated,Not rated,Not rated,Not rated,Not rated,Not rated,Not rated,Not rated,Not rated,Not rated,Not rated,Not rated,Not rated,Not rated,Not rated,Not rated,Not rated,Not rated,Not rated,Not rated,Not rated,Not rated,Not rated,Not rated,Not rated,Not rated,Not rated,Not rated,Not rated,Not rated,Not rated,Not rated,Not rated,Not rated,Not rated,Not rated,Not rated,Not rated,Not rated,Not rated,Not rated,Not rated,Not rated,Not rated,Not rated,Not rated,Not rated,Not rated,Not rated,Not rated,Not rated,Not rated,Not rated,Not rated,Not rated,Not rated,Not rated,Not rated,Not rated,Not rated,Not rated,Not rated,Not rated,Not rated
13,13239743538,22,City,Utrecht,Student,5,1,3,2,4,34,3,4,4,2,3,2,2,1,2,4,3,4,4,3,3,1,13239743538,False,False,False,False,False,False,False,False,False,False,False,False,False,False,False,False,False,False,False,False,False,False,False,False,False,Not rated,Not rated,Not rated,Not rated,Not rated,Not rated,Not rated,Not rated,Not rated,Not rated,Not rated,Not rated,Not rated,Not rated,Not rated,Not rated,Not rated,Not rated,Not rated,Not rated,Not rated,Not rated,Not rated,Not rated,Not rated,Not rated,Not rated,Not rated,Not rated,Not rated,Not rated,Not rated,Not rated,Not rated,Not rated,Not rated,Not rated,Not rated,Not rated,Not rated,Not rated,Not rated,Not rated,Not rated,Not rated,Not rated,Not rated,Not rated,Not rated,Not rated,Not rated,Not rated,Not rated,Not rated,Not rated,Not rated,Not rated,Not rated,Not rated,Not rated,Not rated,Not rated,Not rated,Not rated,Not rated,Not rated,Not rated,Not rated,Not rated,Not rated,Not rated,Not rated,Not rated,Not rated,Not rated
14,13238520630,23,"Village, City","Breda, Dongen",Student,2,3,5,1,4,38,3,6,4,6,2,2,4,4,3,4,3,5,5,3,2,2,13238520630,True,True,False,False,False,True,True,False,False,True,True,False,True,True,True,False,True,False,False,True,False,True,True,False,False,Not rated,Not rated,Not rated,Not rated,Not rated,Not rated,Not rated,Not rated,Not rated,Not rated,Not rated,Not rated,Not rated,Not rated,Not rated,Not rated,Not rated,Not rated,Not rated,Not rated,Not rated,Not rated,Not rated,Not rated,Not rated,Not rated,Not rated,Not rated,Not rated,Not rated,Not rated,Not rated,Not rated,Not rated,Not rated,Not rated,Not rated,Not rated,Not rated,Not rated,Not rated,Not rated,Not rated,Not rated,Not rated,Not rated,Not rated,Not rated,Not rated,Not rated,Not rated,Not rated,Not rated,Not rated,Not rated,Not rated,Not rated,Not rated,Not rated,Not rated,Not rated,Not rated,Not rated,Not rated,Not rated,Not rated,Not rated,Not rated,Not rated,Not rated,Not rated,Not rated,Not rated,Not rated,Not rated
15,13238479027,23,Village,Rijen,Work,4,2,5,3,1,36,5,3,7,3,2,7,2,0,4,7,7,4,2,3,1,1,13238479027,True,True,True,False,False,True,False,False,False,False,True,False,True,True,True,False,True,False,True,False,False,False,False,True,False,Not rated,Not rated,Not rated,Not rated,Not rated,Not rated,Not rated,Not rated,Not rated,Not rated,Not rated,Not rated,Not rated,Not rated,Not rated,Not rated,Not rated,Not rated,Not rated,Not rated,Not rated,Not rated,Not rated,Not rated,Not rated,Not rated,Not rated,Not rated,Not rated,Not rated,Not rated,Not rated,Not rated,Not rated,Not rated,Not rated,Not rated,Not rated,Not rated,Not rated,Not rated,Not rated,Not rated,Not rated,Not rated,Not rated,Not rated,Not rated,Not rated,Not rated,Not rated,Not rated,Not rated,Not rated,Not rated,Not rated,Not rated,Not rated,Not rated,Not rated,Not rated,Not rated,Not rated,Not rated,Not rated,Not rated,Not rated,Not rated,Not rated,Not rated,Not rated,Not rated,Not rated,Not rated,Not rated
16,13238452713,21,Village,Sint Willebrord ,Work,3,2,5,4,1,38,4,3,5,6,4,2,4,4,5,4,5,5,5,5,3,0,13238452713,False,True,True,True,False,False,True,False,False,True,True,False,True,False,True,False,True,False,True,False,False,True,True,True,True,Not rated,Not rated,Not rated,Not rated,Not rated,Not rated,Not rated,Not rated,Not rated,Not rated,Not rated,Not rated,Not rated,Not rated,Not rated,Not rated,Not rated,Not rated,Not rated,Not rated,Not rated,Not rated,Not rated,Not rated,Not rated,Not rated,Not rated,Not rated,Not rated,Not rated,Not rated,Not rated,Not rated,Not rated,Not rated,Not rated,Not rated,Not rated,Not rated,Not rated,Not rated,Not rated,Not rated,Not rated,Not rated,Not rated,Not rated,Not rated,Not rated,Not rated,Not rated,Not rated,Not rated,Not rated,Not rated,Not rated,Not rated,Not rated,Not rated,Not rated,Not rated,Not rated,Not rated,Not rated,Not rated,Not rated,Not rated,Not rated,Not rated,Not rated,Not rated,Not rated,Not rated,Not rated,Not rated
17,13238271643,25,City,Arnhem ,Work,2,3,1,5,4,36,4,3,3,3,3,1,1,1,4,4,4,3,4,3,4,2,13238271643,False,True,True,False,True,False,False,False,False,False,True,False,True,True,False,False,True,False,False,False,False,True,False,False,False,Not rated,Not rated,Not rated,Not rated,Not rated,Not rated,Not rated,Not rated,Not rated,Not rated,Not rated,Not rated,Not rated,Not rated,Not rated,Not rated,Not rated,Not rated,Not rated,Not rated,Not rated,Not rated,Not rated,Not rated,Not rated,Not rated,Not rated,Not rated,Not rated,Not rated,Not rated,Not rated,Not rated,Not rated,Not rated,Not rated,Not rated,Not rated,Not rated,Not rated,Not rated,Not rated,Not rated,Not rated,Not rated,Not rated,Not rated,Not rated,Not rated,Not rated,Not rated,Not rated,Not rated,Not rated,Not rated,Not rated,Not rated,Not rated,Not rated,Not rated,Not rated,Not rated,Not rated,Not rated,Not rated,Not rated,Not rated,Not rated,Not rated,Not rated,Not rated,Not rated,Not rated,Not rated,Not rated
18,13237855975,23,City,amsterdam,Work,4,3,5,1,2,38,2,0,5,1,2,3,2,2,5,2,3,3,2,2,1,1,13237855975,False,False,False,False,False,False,False,False,False,False,False,False,False,False,False,False,False,False,False,False,False,False,False,False,False,Not rated,Not rated,Not rated,Not rated,Not rated,Not rated,Not rated,Not rated,Not rated,Not rated,Not rated,Not rated,Not rated,Not rated,Not rated,Not rated,Not rated,Not rated,Not rated,Not rated,Not rated,Not rated,Not rated,Not rated,Not rated,Not rated,Not rated,Not rated,Not rated,Not rated,Not rated,Not rated,Not rated,Not rated,Not rated,Not rated,Not rated,Not rated,Not rated,Not rated,Not rated,Not rated,Not rated,Not rated,Not rated,Not rated,Not rated,Not rated,Not rated,Not rated,Not rated,Not rated,Not rated,Not rated,Not rated,Not rated,Not rated,Not rated,Not rated,Not rated,Not rated,Not rated,Not rated,Not rated,Not rated,Not rated,Not rated,Not rated,Not rated,Not rated,Not rated,Not rated,Not rated,Not rated,Not rated
19,13237402846,25,City,Breda,Student,2,3,5,1,4,38,4,2,3,2,5,1,1,2,5,3,5,5,5,5,2,0,13237402846,False,True,True,False,False,False,True,False,False,False,True,False,True,True,False,False,True,False,False,False,False,True,False,False,True,Not rated,Not rated,Not rated,Not rated,Not rated,Not rated,Not rated,Not rated,Not rated,Not rated,Not rated,Not rated,Not rated,Not rated,Not rated,Not rated,Not rated,Not rated,Not rated,Not rated,Not rated,Not rated,Not rated,Not rated,Not rated,Not rated,Not rated,Not rated,Not rated,Not rated,Not rated,Not rated,Not rated,Not rated,Not rated,Not rated,Not rated,Not rated,Not rated,Not rated,Not rated,Not rated,Not rated,Not rated,Not rated,Not rated,Not rated,Not rated,Not rated,Not rated,Not rated,Not rated,Not rated,Not rated,Not rated,Not rated,Not rated,Not rated,Not rated,Not rated,Not rated,Not rated,Not rated,Not rated,Not rated,Not rated,Not rated,Not rated,Not rated,Not rated,Not rated,Not rated,Not rated,Not rated,Not rated
20,13237380689,21,City,Breda,Student,5,2,4,3,1,40,2,3,5,2,5,4,2,4,5,4,5,4,4,5,4,2,13237380689,False,False,False,False,False,False,False,False,False,False,False,False,False,False,False,False,False,False,False,False,False,False,False,False,False,Not rated,Not rated,Not rated,Not rated,Not rated,Not rated,Not rated,Not rated,Not rated,Not rated,Not rated,Not rated,Not rated,Not rated,Not rated,Not rated,Not rated,Not rated,Not rated,Not rated,Not rated,Not rated,Not rated,Not rated,Not rated,Not rated,Not rated,Not rated,Not rated,Not rated,Not rated,Not rated,Not rated,Not rated,Not rated,Not rated,Not rated,Not rated,Not rated,Not rated,Not rated,Not rated,Not rated,Not rated,Not rated,Not rated,Not rated,Not rated,Not rated,Not rated,Not rated,Not rated,Not rated,Not rated,Not rated,Not rated,Not rated,Not rated,Not rated,Not rated,Not rated,Not rated,Not rated,Not rated,Not rated,Not rated,Not rated,Not rated,Not rated,Not rated,Not rated,Not rated,Not rated,Not rated,Not rated
21,13237315738,23,City,Breda,Work,5,3,4,1,2,34,3,3,5,4,4,2,3,2,4,3,5,6,5,4,3,1,13237315738,False,True,False,True,False,False,False,False,False,False,True,False,True,True,False,False,True,True,False,False,False,True,False,False,False,Not rated,Not rated,Not rated,Not rated,Not rated,Not rated,Not rated,Not rated,Not rated,Not rated,Not rated,Not rated,Not rated,Not rated,Not rated,Not rated,Not rated,Not rated,Not rated,Not rated,Not rated,Not rated,Not rated,Not rated,Not rated,Not rated,Not rated,Not rated,Not rated,Not rated,Not rated,Not rated,Not rated,Not rated,Not rated,Not rated,Not rated,Not rated,Not rated,Not rated,Not rated,Not rated,Not rated,Not rated,Not rated,Not rated,Not rated,Not rated,Not rated,Not rated,Not rated,Not rated,Not rated,Not rated,Not rated,Not rated,Not rated,Not rated,Not rated,Not rated,Not rated,Not rated,Not rated,Not rated,Not rated,Not rated,Not rated,Not rated,Not rated,Not rated,Not rated,Not rated,Not rated,Not rated,Not rated
22,13264685797,23,City,Amsterdam,Student,5,4,3,1,2,36,2,2,6,3,6,3,1,4,5,1,6,6,4,6,5,1,13264685797,Not rated,Not rated,Not rated,Not rated,Not rated,Not rated,Not rated,Not rated,Not rated,Not rated,Not rated,Not rated,Not rated,Not rated,Not rated,Not rated,Not rated,Not rated,Not rated,Not rated,Not rated,Not rated,Not rated,Not rated,Not rated,False,False,True,False,False,True,False,False,True,True,True,False,False,True,False,True,False,True,False,False,False,True,False,True,True,Not rated,Not rated,Not rated,Not rated,Not rated,Not rated,Not rated,Not rated,Not rated,Not rated,Not rated,Not rated,Not rated,Not rated,Not rated,Not rated,Not rated,Not rated,Not rated,Not rated,Not rated,Not rated,Not rated,Not rated,Not rated,Not rated,Not rated,Not rated,Not rated,Not rated,Not rated,Not rated,Not rated,Not rated,Not rated,Not rated,Not rated,Not rated,Not rated,Not rated,Not rated,Not rated,Not rated,Not rated,Not rated,Not rated,Not rated,Not rated,Not rated,Not rated
23,13263637869,25,Village,Oost zaan,Work,5,3,4,1,2,34,0,1,3,2,6,0,1,4,6,2,3,7,3,7,6,1,13263637869,Not rated,Not rated,Not rated,Not rated,Not rated,Not rated,Not rated,Not rated,Not rated,Not rated,Not rated,Not rated,Not rated,Not rated,Not rated,Not rated,Not rated,Not rated,Not rated,Not rated,Not rated,Not rated,Not rated,Not rated,Not rated,True,False,True,False,True,True,False,False,False,False,True,False,True,False,False,False,True,False,False,False,False,False,False,False,False,Not rated,Not rated,Not rated,Not rated,Not rated,Not rated,Not rated,Not rated,Not rated,Not rated,Not rated,Not rated,Not rated,Not rated,Not rated,Not rated,Not rated,Not rated,Not rated,Not rated,Not rated,Not rated,Not rated,Not rated,Not rated,Not rated,Not rated,Not rated,Not rated,Not rated,Not rated,Not rated,Not rated,Not rated,Not rated,Not rated,Not rated,Not rated,Not rated,Not rated,Not rated,Not rated,Not rated,Not rated,Not rated,Not rated,Not rated,Not rated,Not rated,Not rated
24,13263558029,20,Village,Oisterwijk,Work,4,3,5,2,1,36,3,2,5,3,4,5,4,2,5,5,2,3,5,5,5,1,13263558029,Not rated,Not rated,Not rated,Not rated,Not rated,Not rated,Not rated,Not rated,Not rated,Not rated,Not rated,Not rated,Not rated,Not rated,Not rated,Not rated,Not rated,Not rated,Not rated,Not rated,Not rated,Not rated,Not rated,Not rated,Not rated,True,False,True,False,False,True,True,False,True,False,True,False,False,True,False,True,True,True,True,False,False,True,False,True,True,Not rated,Not rated,Not rated,Not rated,Not rated,Not rated,Not rated,Not rated,Not rated,Not rated,Not rated,Not rated,Not rated,Not rated,Not rated,Not rated,Not rated,Not rated,Not rated,Not rated,Not rated,Not rated,Not rated,Not rated,Not rated,Not rated,Not rated,Not rated,Not rated,Not rated,Not rated,Not rated,Not rated,Not rated,Not rated,Not rated,Not rated,Not rated,Not rated,Not rated,Not rated,Not rated,Not rated,Not rated,Not rated,Not rated,Not rated,Not rated,Not rated,Not rated
25,13246534584,19,Village,Dongen,Student,5,3,4,1,2,34,5,4,3,4,5,3,0,5,5,3,4,3,2,4,2,0,13246534584,Not rated,Not rated,Not rated,Not rated,Not rated,Not rated,Not rated,Not rated,Not rated,Not rated,Not rated,Not rated,Not rated,Not rated,Not rated,Not rated,Not rated,Not rated,Not rated,Not rated,Not rated,Not rated,Not rated,Not rated,Not rated,False,True,True,False,True,True,False,True,False,False,True,False,False,True,False,True,True,True,True,False,False,False,False,False,True,Not rated,Not rated,Not rated,Not rated,Not rated,Not rated,Not rated,Not rated,Not rated,Not rated,Not rated,Not rated,Not rated,Not rated,Not rated,Not rated,Not rated,Not rated,Not rated,Not rated,Not rated,Not rated,Not rated,Not rated,Not rated,Not rated,Not rated,Not rated,Not rated,Not rated,Not rated,Not rated,Not rated,Not rated,Not rated,Not rated,Not rated,Not rated,Not rated,Not rated,Not rated,Not rated,Not rated,Not rated,Not rated,Not rated,Not rated,Not rated,Not rated,Not rated
26,13243254947,22,Village,Princehage ,Student,1,2,5,3,4,36,5,1,1,3,5,1,1,6,5,3,5,7,4,5,3,0,13243254947,Not rated,Not rated,Not rated,Not rated,Not rated,Not rated,Not rated,Not rated,Not rated,Not rated,Not rated,Not rated,Not rated,Not rated,Not rated,Not rated,Not rated,Not rated,Not rated,Not rated,Not rated,Not rated,Not rated,Not rated,Not rated,False,False,True,True,True,True,False,True,True,False,True,False,True,True,False,True,True,True,False,False,True,True,False,False,True,Not rated,Not rated,Not rated,Not rated,Not rated,Not rated,Not rated,Not rated,Not rated,Not rated,Not rated,Not rated,Not rated,Not rated,Not rated,Not rated,Not rated,Not rated,Not rated,Not rated,Not rated,Not rated,Not rated,Not rated,Not rated,Not rated,Not rated,Not rated,Not rated,Not rated,Not rated,Not rated,Not rated,Not rated,Not rated,Not rated,Not rated,Not rated,Not rated,Not rated,Not rated,Not rated,Not rated,Not rated,Not rated,Not rated,Not rated,Not rated,Not rated,Not rated
27,13240050877,27,City,Breda,Work,1,4,5,2,3,36,2,2,6,2,4,2,1,3,5,3,6,5,3,7,3,1,13240050877,Not rated,Not rated,Not rated,Not rated,Not rated,Not rated,Not rated,Not rated,Not rated,Not rated,Not rated,Not rated,Not rated,Not rated,Not rated,Not rated,Not rated,Not rated,Not rated,Not rated,Not rated,Not rated,Not rated,Not rated,Not rated,False,False,True,False,True,True,False,False,True,False,True,False,True,False,True,True,True,True,False,False,False,True,False,False,True,Not rated,Not rated,Not rated,Not rated,Not rated,Not rated,Not rated,Not rated,Not rated,Not rated,Not rated,Not rated,Not rated,Not rated,Not rated,Not rated,Not rated,Not rated,Not rated,Not rated,Not rated,Not rated,Not rated,Not rated,Not rated,Not rated,Not rated,Not rated,Not rated,Not rated,Not rated,Not rated,Not rated,Not rated,Not rated,Not rated,Not rated,Not rated,Not rated,Not rated,Not rated,Not rated,Not rated,Not rated,Not rated,Not rated,Not rated,Not rated,Not rated,Not rated
28,13238590958,26,City,Tilburg ,Work,4,3,5,1,2,36,2,1,6,2,2,1,0,1,4,4,6,7,3,6,4,2,13238590958,Not rated,Not rated,Not rated,Not rated,Not rated,Not rated,Not rated,Not rated,Not rated,Not rated,Not rated,Not rated,Not rated,Not rated,Not rated,Not rated,Not rated,Not rated,Not rated,Not rated,Not rated,Not rated,Not rated,Not rated,Not rated,True,False,True,True,True,True,False,False,True,True,True,False,True,True,False,True,True,True,True,False,True,True,False,False,True,Not rated,Not rated,Not rated,Not rated,Not rated,Not rated,Not rated,Not rated,Not rated,Not rated,Not rated,Not rated,Not rated,Not rated,Not rated,Not rated,Not rated,Not rated,Not rated,Not rated,Not rated,Not rated,Not rated,Not rated,Not rated,Not rated,Not rated,Not rated,Not rated,Not rated,Not rated,Not rated,Not rated,Not rated,Not rated,Not rated,Not rated,Not rated,Not rated,Not rated,Not rated,Not rated,Not rated,Not rated,Not rated,Not rated,Not rated,Not rated,Not rated,Not rated
29,13238520834,23,City,Breda,Student,3,1,5,4,2,40,3,3,5,2,5,1,1,3,4,2,5,6,3,3,3,2,13238520834,Not rated,Not rated,Not rated,Not rated,Not rated,Not rated,Not rated,Not rated,Not rated,Not rated,Not rated,Not rated,Not rated,Not rated,Not rated,Not rated,Not rated,Not rated,Not rated,Not rated,Not rated,Not rated,Not rated,Not rated,Not rated,True,False,True,True,True,True,False,True,True,False,True,False,False,True,False,True,False,True,False,False,False,True,False,False,True,Not rated,Not rated,Not rated,Not rated,Not rated,Not rated,Not rated,Not rated,Not rated,Not rated,Not rated,Not rated,Not rated,Not rated,Not rated,Not rated,Not rated,Not rated,Not rated,Not rated,Not rated,Not rated,Not rated,Not rated,Not rated,Not rated,Not rated,Not rated,Not rated,Not rated,Not rated,Not rated,Not rated,Not rated,Not rated,Not rated,Not rated,Not rated,Not rated,Not rated,Not rated,Not rated,Not rated,Not rated,Not rated,Not rated,Not rated,Not rated,Not rated,Not rated
30,13238542142,24,City,Amsterdam,Work,2,5,1,4,3,36,3,4,5,2,4,2,3,2,3,5,4,5,3,3,3,2,13238542142,Not rated,Not rated,Not rated,Not rated,Not rated,Not rated,Not rated,Not rated,Not rated,Not rated,Not rated,Not rated,Not rated,Not rated,Not rated,Not rated,Not rated,Not rated,Not rated,Not rated,Not rated,Not rated,Not rated,Not rated,Not rated,False,False,False,False,False,False,False,False,False,False,False,False,False,False,False,False,False,False,False,False,False,False,False,False,False,Not rated,Not rated,Not rated,Not rated,Not rated,Not rated,Not rated,Not rated,Not rated,Not rated,Not rated,Not rated,Not rated,Not rated,Not rated,Not rated,Not rated,Not rated,Not rated,Not rated,Not rated,Not rated,Not rated,Not rated,Not rated,Not rated,Not rated,Not rated,Not rated,Not rated,Not rated,Not rated,Not rated,Not rated,Not rated,Not rated,Not rated,Not rated,Not rated,Not rated,Not rated,Not rated,Not rated,Not rated,Not rated,Not rated,Not rated,Not rated,Not rated,Not rated
31,13238184908,26,Village,Rijen,Work,4,1,2,5,3,38,2,2,3,1,4,7,3,7,4,5,5,5,2,4,5,2,13238184908,Not rated,Not rated,Not rated,Not rated,Not rated,Not rated,Not rated,Not rated,Not rated,Not rated,Not rated,Not rated,Not rated,Not rated,Not rated,Not rated,Not rated,Not rated,Not rated,Not rated,Not rated,Not rated,Not rated,Not rated,Not rated,False,False,False,False,True,False,False,False,True,True,False,False,False,True,True,True,True,True,True,False,False,True,False,False,False,Not rated,Not rated,Not rated,Not rated,Not rated,Not rated,Not rated,Not rated,Not rated,Not rated,Not rated,Not rated,Not rated,Not rated,Not rated,Not rated,Not rated,Not rated,Not rated,Not rated,Not rated,Not rated,Not rated,Not rated,Not rated,Not rated,Not rated,Not rated,Not rated,Not rated,Not rated,Not rated,Not rated,Not rated,Not rated,Not rated,Not rated,Not rated,Not rated,Not rated,Not rated,Not rated,Not rated,Not rated,Not rated,Not rated,Not rated,Not rated,Not rated,Not rated
32,13238066179,26,City,Tilburg,Work,3,2,5,1,4,38,2,6,5,5,3,2,2,2,3,6,6,5,6,5,6,1,13238066179,Not rated,Not rated,Not rated,Not rated,Not rated,Not rated,Not rated,Not rated,Not rated,Not rated,Not rated,Not rated,Not rated,Not rated,Not rated,Not rated,Not rated,Not rated,Not rated,Not rated,Not rated,Not rated,Not rated,Not rated,Not rated,True,True,False,False,False,False,False,True,True,True,False,False,False,False,False,True,False,True,True,False,True,False,True,True,False,Not rated,Not rated,Not rated,Not rated,Not rated,Not rated,Not rated,Not rated,Not rated,Not rated,Not rated,Not rated,Not rated,Not rated,Not rated,Not rated,Not rated,Not rated,Not rated,Not rated,Not rated,Not rated,Not rated,Not rated,Not rated,Not rated,Not rated,Not rated,Not rated,Not rated,Not rated,Not rated,Not rated,Not rated,Not rated,Not rated,Not rated,Not rated,Not rated,Not rated,Not rated,Not rated,Not rated,Not rated,Not rated,Not rated,Not rated,Not rated,Not rated,Not rated
33,13237686574,25,City,Amsterdam,Work,2,4,5,1,3,38,3,5,3,4,1,1,2,5,1,2,6,7,2,4,1,0,13237686574,Not rated,Not rated,Not rated,Not rated,Not rated,Not rated,Not rated,Not rated,Not rated,Not rated,Not rated,Not rated,Not rated,Not rated,Not rated,Not rated,Not rated,Not rated,Not rated,Not rated,Not rated,Not rated,Not rated,Not rated,Not rated,False,False,True,False,True,False,True,True,False,False,True,True,False,False,False,True,True,True,True,False,True,False,False,True,False,Not rated,Not rated,Not rated,Not rated,Not rated,Not rated,Not rated,Not rated,Not rated,Not rated,Not rated,Not rated,Not rated,Not rated,Not rated,Not rated,Not rated,Not rated,Not rated,Not rated,Not rated,Not rated,Not rated,Not rated,Not rated,Not rated,Not rated,Not rated,Not rated,Not rated,Not rated,Not rated,Not rated,Not rated,Not rated,Not rated,Not rated,Not rated,Not rated,Not rated,Not rated,Not rated,Not rated,Not rated,Not rated,Not rated,Not rated,Not rated,Not rated,Not rated
34,13237449180,27,Village,Dongen,Work,5,2,4,1,3,36,2,5,3,3,4,1,0,1,3,2,5,7,1,6,2,1,13237449180,Not rated,Not rated,Not rated,Not rated,Not rated,Not rated,Not rated,Not rated,Not rated,Not rated,Not rated,Not rated,Not rated,Not rated,Not rated,Not rated,Not rated,Not rated,Not rated,Not rated,Not rated,Not rated,Not rated,Not rated,Not rated,False,False,True,True,True,True,False,False,False,True,True,False,False,False,True,True,True,True,True,False,True,False,False,True,True,Not rated,Not rated,Not rated,Not rated,Not rated,Not rated,Not rated,Not rated,Not rated,Not rated,Not rated,Not rated,Not rated,Not rated,Not rated,Not rated,Not rated,Not rated,Not rated,Not rated,Not rated,Not rated,Not rated,Not rated,Not rated,Not rated,Not rated,Not rated,Not rated,Not rated,Not rated,Not rated,Not rated,Not rated,Not rated,Not rated,Not rated,Not rated,Not rated,Not rated,Not rated,Not rated,Not rated,Not rated,Not rated,Not rated,Not rated,Not rated,Not rated,Not rated
35,13237381960,26,City,Den Bosch,Work,5,4,3,1,2,36,5,6,7,6,1,0,0,6,0,4,6,7,4,5,2,2,13237381960,Not rated,Not rated,Not rated,Not rated,Not rated,Not rated,Not rated,Not rated,Not rated,Not rated,Not rated,Not rated,Not rated,Not rated,Not rated,Not rated,Not rated,Not rated,Not rated,Not rated,Not rated,Not rated,Not rated,Not rated,Not rated,True,False,False,False,True,True,False,False,True,True,True,False,False,True,False,True,True,True,True,False,False,True,False,False,True,Not rated,Not rated,Not rated,Not rated,Not rated,Not rated,Not rated,Not rated,Not rated,Not rated,Not rated,Not rated,Not rated,Not rated,Not rated,Not rated,Not rated,Not rated,Not rated,Not rated,Not rated,Not rated,Not rated,Not rated,Not rated,Not rated,Not rated,Not rated,Not rated,Not rated,Not rated,Not rated,Not rated,Not rated,Not rated,Not rated,Not rated,Not rated,Not rated,Not rated,Not rated,Not rated,Not rated,Not rated,Not rated,Not rated,Not rated,Not rated,Not rated,Not rated
36,13237386087,25,City,Tilburg,Work,3,4,5,1,2,38,2,0,6,2,5,0,0,0,4,3,4,2,2,4,3,0,13237386087,Not rated,Not rated,Not rated,Not rated,Not rated,Not rated,Not rated,Not rated,Not rated,Not rated,Not rated,Not rated,Not rated,Not rated,Not rated,Not rated,Not rated,Not rated,Not rated,Not rated,Not rated,Not rated,Not rated,Not rated,Not rated,True,False,True,False,False,True,False,False,False,True,False,False,False,False,False,True,False,True,False,False,False,False,False,False,True,Not rated,Not rated,Not rated,Not rated,Not rated,Not rated,Not rated,Not rated,Not rated,Not rated,Not rated,Not rated,Not rated,Not rated,Not rated,Not rated,Not rated,Not rated,Not rated,Not rated,Not rated,Not rated,Not rated,Not rated,Not rated,Not rated,Not rated,Not rated,Not rated,Not rated,Not rated,Not rated,Not rated,Not rated,Not rated,Not rated,Not rated,Not rated,Not rated,Not rated,Not rated,Not rated,Not rated,Not rated,Not rated,Not rated,Not rated,Not rated,Not rated,Not rated
37,13237373974,26,Village,Dongen,Student,2,3,5,1,4,36,3,4,6,3,3,3,2,1,4,4,4,6,3,5,3,2,13237373974,Not rated,Not rated,Not rated,Not rated,Not rated,Not rated,Not rated,Not rated,Not rated,Not rated,Not rated,Not rated,Not rated,Not rated,Not rated,Not rated,Not rated,Not rated,Not rated,Not rated,Not rated,Not rated,Not rated,Not rated,Not rated,False,False,False,False,False,False,False,False,False,False,False,False,False,False,False,False,False,False,False,False,False,False,False,False,False,Not rated,Not rated,Not rated,Not rated,Not rated,Not rated,Not rated,Not rated,Not rated,Not rated,Not rated,Not rated,Not rated,Not rated,Not rated,Not rated,Not rated,Not rated,Not rated,Not rated,Not rated,Not rated,Not rated,Not rated,Not rated,Not rated,Not rated,Not rated,Not rated,Not rated,Not rated,Not rated,Not rated,Not rated,Not rated,Not rated,Not rated,Not rated,Not rated,Not rated,Not rated,Not rated,Not rated,Not rated,Not rated,Not rated,Not rated,Not rated,Not rated,Not rated
38,13237349458,26,Village,Dongen,Work,2,4,3,1,5,38,4,3,5,3,3,2,2,2,4,3,7,5,6,4,4,2,13237349458,Not rated,Not rated,Not rated,Not rated,Not rated,Not rated,Not rated,Not rated,Not rated,Not rated,Not rated,Not rated,Not rated,Not rated,Not rated,Not rated,Not rated,Not rated,Not rated,Not rated,Not rated,Not rated,Not rated,Not rated,Not rated,False,False,False,False,False,False,False,False,False,False,False,False,False,False,False,False,False,False,False,False,False,False,False,False,False,Not rated,Not rated,Not rated,Not rated,Not rated,Not rated,Not rated,Not rated,Not rated,Not rated,Not rated,Not rated,Not rated,Not rated,Not rated,Not rated,Not rated,Not rated,Not rated,Not rated,Not rated,Not rated,Not rated,Not rated,Not rated,Not rated,Not rated,Not rated,Not rated,Not rated,Not rated,Not rated,Not rated,Not rated,Not rated,Not rated,Not rated,Not rated,Not rated,Not rated,Not rated,Not rated,Not rated,Not rated,Not rated,Not rated,Not rated,Not rated,Not rated,Not rated
39,13237319909,23,City,Breda,Student,5,2,4,1,3,36,3,3,6,2,2,2,3,1,1,3,4,6,6,4,1,0,13237319909,Not rated,Not rated,Not rated,Not rated,Not rated,Not rated,Not rated,Not rated,Not rated,Not rated,Not rated,Not rated,Not rated,Not rated,Not rated,Not rated,Not rated,Not rated,Not rated,Not rated,Not rated,Not rated,Not rated,Not rated,Not rated,True,True,False,True,False,True,True,True,False,True,False,False,False,True,False,True,True,True,True,False,True,False,False,True,False,Not rated,Not rated,Not rated,Not rated,Not rated,Not rated,Not rated,Not rated,Not rated,Not rated,Not rated,Not rated,Not rated,Not rated,Not rated,Not rated,Not rated,Not rated,Not rated,Not rated,Not rated,Not rated,Not rated,Not rated,Not rated,Not rated,Not rated,Not rated,Not rated,Not rated,Not rated,Not rated,Not rated,Not rated,Not rated,Not rated,Not rated,Not rated,Not rated,Not rated,Not rated,Not rated,Not rated,Not rated,Not rated,Not rated,Not rated,Not rated,Not rated,Not rated
40,13264640408,22,City,Breda,Student,3,5,1,4,2,38,6,5,6,5,5,4,2,2,2,4,4,3,2,5,3,2,13264640408,Not rated,Not rated,Not rated,Not rated,Not rated,Not rated,Not rated,Not rated,Not rated,Not rated,Not rated,Not rated,Not rated,Not rated,Not rated,Not rated,Not rated,Not rated,Not rated,Not rated,Not rated,Not rated,Not rated,Not rated,Not rated,Not rated,Not rated,Not rated,Not rated,Not rated,Not rated,Not rated,Not rated,Not rated,Not rated,Not rated,Not rated,Not rated,Not rated,Not rated,Not rated,Not rated,Not rated,Not rated,Not rated,Not rated,Not rated,Not rated,Not rated,Not rated,True,True,False,False,True,True,True,False,False,False,True,False,True,False,False,False,False,False,True,False,True,True,False,False,True,Not rated,Not rated,Not rated,Not rated,Not rated,Not rated,Not rated,Not rated,Not rated,Not rated,Not rated,Not rated,Not rated,Not rated,Not rated,Not rated,Not rated,Not rated,Not rated,Not rated,Not rated,Not rated,Not rated,Not rated,Not rated
41,13263584801,26,City,Breda,Work,2,1,5,4,3,38,4,5,3,5,2,1,5,4,3,5,3,5,5,3,2,1,13263584801,Not rated,Not rated,Not rated,Not rated,Not rated,Not rated,Not rated,Not rated,Not rated,Not rated,Not rated,Not rated,Not rated,Not rated,Not rated,Not rated,Not rated,Not rated,Not rated,Not rated,Not rated,Not rated,Not rated,Not rated,Not rated,Not rated,Not rated,Not rated,Not rated,Not rated,Not rated,Not rated,Not rated,Not rated,Not rated,Not rated,Not rated,Not rated,Not rated,Not rated,Not rated,Not rated,Not rated,Not rated,Not rated,Not rated,Not rated,Not rated,Not rated,Not rated,True,False,True,False,True,True,True,True,True,False,True,False,True,False,False,False,False,False,True,False,False,False,False,True,False,Not rated,Not rated,Not rated,Not rated,Not rated,Not rated,Not rated,Not rated,Not rated,Not rated,Not rated,Not rated,Not rated,Not rated,Not rated,Not rated,Not rated,Not rated,Not rated,Not rated,Not rated,Not rated,Not rated,Not rated,Not rated
42,13249047153,25,City,The Hague ,Work,3,4,5,1,2,38,2,3,5,4,5,4,3,1,5,4,2,6,4,4,3,1,13249047153,Not rated,Not rated,Not rated,Not rated,Not rated,Not rated,Not rated,Not rated,Not rated,Not rated,Not rated,Not rated,Not rated,Not rated,Not rated,Not rated,Not rated,Not rated,Not rated,Not rated,Not rated,Not rated,Not rated,Not rated,Not rated,Not rated,Not rated,Not rated,Not rated,Not rated,Not rated,Not rated,Not rated,Not rated,Not rated,Not rated,Not rated,Not rated,Not rated,Not rated,Not rated,Not rated,Not rated,Not rated,Not rated,Not rated,Not rated,Not rated,Not rated,Not rated,True,True,True,False,False,True,False,False,True,False,True,True,False,False,False,False,True,False,True,True,True,False,False,False,True,Not rated,Not rated,Not rated,Not rated,Not rated,Not rated,Not rated,Not rated,Not rated,Not rated,Not rated,Not rated,Not rated,Not rated,Not rated,Not rated,Not rated,Not rated,Not rated,Not rated,Not rated,Not rated,Not rated,Not rated,Not rated
43,13245222921,21,Village,Dongen,Student,1,4,3,5,2,36,4,5,5,5,3,1,1,4,7,4,4,4,4,5,1,0,13245222921,Not rated,Not rated,Not rated,Not rated,Not rated,Not rated,Not rated,Not rated,Not rated,Not rated,Not rated,Not rated,Not rated,Not rated,Not rated,Not rated,Not rated,Not rated,Not rated,Not rated,Not rated,Not rated,Not rated,Not rated,Not rated,Not rated,Not rated,Not rated,Not rated,Not rated,Not rated,Not rated,Not rated,Not rated,Not rated,Not rated,Not rated,Not rated,Not rated,Not rated,Not rated,Not rated,Not rated,Not rated,Not rated,Not rated,Not rated,Not rated,Not rated,Not rated,False,False,False,False,False,False,False,False,False,False,False,False,False,False,False,False,False,False,False,False,False,False,False,False,False,Not rated,Not rated,Not rated,Not rated,Not rated,Not rated,Not rated,Not rated,Not rated,Not rated,Not rated,Not rated,Not rated,Not rated,Not rated,Not rated,Not rated,Not rated,Not rated,Not rated,Not rated,Not rated,Not rated,Not rated,Not rated
44,13242105575,23,City,Breda,Work,2,4,5,1,3,38,4,1,2,5,4,1,1,1,5,5,6,6,5,5,1,1,13242105575,Not rated,Not rated,Not rated,Not rated,Not rated,Not rated,Not rated,Not rated,Not rated,Not rated,Not rated,Not rated,Not rated,Not rated,Not rated,Not rated,Not rated,Not rated,Not rated,Not rated,Not rated,Not rated,Not rated,Not rated,Not rated,Not rated,Not rated,Not rated,Not rated,Not rated,Not rated,Not rated,Not rated,Not rated,Not rated,Not rated,Not rated,Not rated,Not rated,Not rated,Not rated,Not rated,Not rated,Not rated,Not rated,Not rated,Not rated,Not rated,Not rated,Not rated,False,False,False,False,False,False,False,False,False,False,False,False,False,False,False,False,False,False,False,False,False,False,False,False,False,Not rated,Not rated,Not rated,Not rated,Not rated,Not rated,Not rated,Not rated,Not rated,Not rated,Not rated,Not rated,Not rated,Not rated,Not rated,Not rated,Not rated,Not rated,Not rated,Not rated,Not rated,Not rated,Not rated,Not rated,Not rated
45,13240917054,24,City,Breda,Work,5,1,2,4,3,36,3,2,5,3,3,2,1,1,5,6,3,3,3,2,5,2,13240917054,Not rated,Not rated,Not rated,Not rated,Not rated,Not rated,Not rated,Not rated,Not rated,Not rated,Not rated,Not rated,Not rated,Not rated,Not rated,Not rated,Not rated,Not rated,Not rated,Not rated,Not rated,Not rated,Not rated,Not rated,Not rated,Not rated,Not rated,Not rated,Not rated,Not rated,Not rated,Not rated,Not rated,Not rated,Not rated,Not rated,Not rated,Not rated,Not rated,Not rated,Not rated,Not rated,Not rated,Not rated,Not rated,Not rated,Not rated,Not rated,Not rated,Not rated,False,True,True,True,False,True,True,True,True,False,True,False,False,True,False,True,False,True,True,False,False,True,False,False,False,Not rated,Not rated,Not rated,Not rated,Not rated,Not rated,Not rated,Not rated,Not rated,Not rated,Not rated,Not rated,Not rated,Not rated,Not rated,Not rated,Not rated,Not rated,Not rated,Not rated,Not rated,Not rated,Not rated,Not rated,Not rated
46,13239673038,23,City,Breda,Work,5,3,4,1,2,34,2,0,7,2,4,0,0,0,4,4,6,7,6,7,3,0,13239673038,Not rated,Not rated,Not rated,Not rated,Not rated,Not rated,Not rated,Not rated,Not rated,Not rated,Not rated,Not rated,Not rated,Not rated,Not rated,Not rated,Not rated,Not rated,Not rated,Not rated,Not rated,Not rated,Not rated,Not rated,Not rated,Not rated,Not rated,Not rated,Not rated,Not rated,Not rated,Not rated,Not rated,Not rated,Not rated,Not rated,Not rated,Not rated,Not rated,Not rated,Not rated,Not rated,Not rated,Not rated,Not rated,Not rated,Not rated,Not rated,Not rated,Not rated,False,False,False,False,False,False,False,False,False,False,False,False,False,False,False,False,False,False,False,False,False,False,False,False,False,Not rated,Not rated,Not rated,Not rated,Not rated,Not rated,Not rated,Not rated,Not rated,Not rated,Not rated,Not rated,Not rated,Not rated,Not rated,Not rated,Not rated,Not rated,Not rated,Not rated,Not rated,Not rated,Not rated,Not rated,Not rated
47,13239152356,23,"Village, City",Tilburg en Berkel-Enschot,Student,1,3,2,4,5,38,2,6,5,4,5,2,2,0,5,3,6,7,5,0,4,2,13239152356,Not rated,Not rated,Not rated,Not rated,Not rated,Not rated,Not rated,Not rated,Not rated,Not rated,Not rated,Not rated,Not rated,Not rated,Not rated,Not rated,Not rated,Not rated,Not rated,Not rated,Not rated,Not rated,Not rated,Not rated,Not rated,Not rated,Not rated,Not rated,Not rated,Not rated,Not rated,Not rated,Not rated,Not rated,Not rated,Not rated,Not rated,Not rated,Not rated,Not rated,Not rated,Not rated,Not rated,Not rated,Not rated,Not rated,Not rated,Not rated,Not rated,Not rated,False,False,False,False,False,False,False,False,False,False,False,False,False,False,False,False,False,False,False,False,False,False,False,False,False,Not rated,Not rated,Not rated,Not rated,Not rated,Not rated,Not rated,Not rated,Not rated,Not rated,Not rated,Not rated,Not rated,Not rated,Not rated,Not rated,Not rated,Not rated,Not rated,Not rated,Not rated,Not rated,Not rated,Not rated,Not rated
48,13238786009,20,City,Amsterdam ,Student,5,3,2,4,1,36,2,3,4,3,0,3,2,2,4,2,4,3,3,4,2,1,13238786009,Not rated,Not rated,Not rated,Not rated,Not rated,Not rated,Not rated,Not rated,Not rated,Not rated,Not rated,Not rated,Not rated,Not rated,Not rated,Not rated,Not rated,Not rated,Not rated,Not rated,Not rated,Not rated,Not rated,Not rated,Not rated,Not rated,Not rated,Not rated,Not rated,Not rated,Not rated,Not rated,Not rated,Not rated,Not rated,Not rated,Not rated,Not rated,Not rated,Not rated,Not rated,Not rated,Not rated,Not rated,Not rated,Not rated,Not rated,Not rated,Not rated,Not rated,False,False,True,False,True,True,False,True,False,False,True,True,False,True,False,False,True,True,True,False,False,False,False,False,False,Not rated,Not rated,Not rated,Not rated,Not rated,Not rated,Not rated,Not rated,Not rated,Not rated,Not rated,Not rated,Not rated,Not rated,Not rated,Not rated,Not rated,Not rated,Not rated,Not rated,Not rated,Not rated,Not rated,Not rated,Not rated
49,13238873456,20,City,Breda,Student,1,4,5,2,3,36,3,2,6,5,5,0,1,3,4,5,5,6,5,6,0,0,13238873456,Not rated,Not rated,Not rated,Not rated,Not rated,Not rated,Not rated,Not rated,Not rated,Not rated,Not rated,Not rated,Not rated,Not rated,Not rated,Not rated,Not rated,Not rated,Not rated,Not rated,Not rated,Not rated,Not rated,Not rated,Not rated,Not rated,Not rated,Not rated,Not rated,Not rated,Not rated,Not rated,Not rated,Not rated,Not rated,Not rated,Not rated,Not rated,Not rated,Not rated,Not rated,Not rated,Not rated,Not rated,Not rated,Not rated,Not rated,Not rated,Not rated,Not rated,True,True,True,True,True,True,True,False,False,False,True,False,True,False,False,False,False,False,False,False,True,False,True,True,True,Not rated,Not rated,Not rated,Not rated,Not rated,Not rated,Not rated,Not rated,Not rated,Not rated,Not rated,Not rated,Not rated,Not rated,Not rated,Not rated,Not rated,Not rated,Not rated,Not rated,Not rated,Not rated,Not rated,Not rated,Not rated
50,13238642415,24,City,Tilburg ,Work,4,1,5,3,2,42,2,3,5,3,7,1,1,1,5,5,4,6,4,5,4,2,13238642415,Not rated,Not rated,Not rated,Not rated,Not rated,Not rated,Not rated,Not rated,Not rated,Not rated,Not rated,Not rated,Not rated,Not rated,Not rated,Not rated,Not rated,Not rated,Not rated,Not rated,Not rated,Not rated,Not rated,Not rated,Not rated,Not rated,Not rated,Not rated,Not rated,Not rated,Not rated,Not rated,Not rated,Not rated,Not rated,Not rated,Not rated,Not rated,Not rated,Not rated,Not rated,Not rated,Not rated,Not rated,Not rated,Not rated,Not rated,Not rated,Not rated,Not rated,True,True,False,False,True,True,False,False,False,True,True,True,False,True,False,False,True,True,False,False,True,False,False,True,True,Not rated,Not rated,Not rated,Not rated,Not rated,Not rated,Not rated,Not rated,Not rated,Not rated,Not rated,Not rated,Not rated,Not rated,Not rated,Not rated,Not rated,Not rated,Not rated,Not rated,Not rated,Not rated,Not rated,Not rated,Not rated
51,13238600642,23,Village,Oisterwijk ,Work,4,3,5,2,1,36,3,4,4,3,1,1,1,1,4,3,4,6,4,5,2,1,13238600642,Not rated,Not rated,Not rated,Not rated,Not rated,Not rated,Not rated,Not rated,Not rated,Not rated,Not rated,Not rated,Not rated,Not rated,Not rated,Not rated,Not rated,Not rated,Not rated,Not rated,Not rated,Not rated,Not rated,Not rated,Not rated,Not rated,Not rated,Not rated,Not rated,Not rated,Not rated,Not rated,Not rated,Not rated,Not rated,Not rated,Not rated,Not rated,Not rated,Not rated,Not rated,Not rated,Not rated,Not rated,Not rated,Not rated,Not rated,Not rated,Not rated,Not rated,True,True,True,True,False,True,True,True,True,False,True,True,True,False,False,False,True,True,True,True,True,True,False,True,True,Not rated,Not rated,Not rated,Not rated,Not rated,Not rated,Not rated,Not rated,Not rated,Not rated,Not rated,Not rated,Not rated,Not rated,Not rated,Not rated,Not rated,Not rated,Not rated,Not rated,Not rated,Not rated,Not rated,Not rated,Not rated
52,13238615119,23,Village,Dongen,Student,4,2,1,5,3,34,2,5,1,2,3,4,3,3,3,4,7,5,5,3,4,2,13238615119,Not rated,Not rated,Not rated,Not rated,Not rated,Not rated,Not rated,Not rated,Not rated,Not rated,Not rated,Not rated,Not rated,Not rated,Not rated,Not rated,Not rated,Not rated,Not rated,Not rated,Not rated,Not rated,Not rated,Not rated,Not rated,Not rated,Not rated,Not rated,Not rated,Not rated,Not rated,Not rated,Not rated,Not rated,Not rated,Not rated,Not rated,Not rated,Not rated,Not rated,Not rated,Not rated,Not rated,Not rated,Not rated,Not rated,Not rated,Not rated,Not rated,Not rated,False,True,False,False,True,True,False,False,True,False,False,False,False,True,False,False,True,True,True,False,True,False,False,False,True,Not rated,Not rated,Not rated,Not rated,Not rated,Not rated,Not rated,Not rated,Not rated,Not rated,Not rated,Not rated,Not rated,Not rated,Not rated,Not rated,Not rated,Not rated,Not rated,Not rated,Not rated,Not rated,Not rated,Not rated,Not rated
53,13238620869,24,City,Tilburg,Student,1,3,2,5,4,34,3,5,7,3,5,3,1,3,5,4,5,7,5,5,3,2,13238620869,Not rated,Not rated,Not rated,Not rated,Not rated,Not rated,Not rated,Not rated,Not rated,Not rated,Not rated,Not rated,Not rated,Not rated,Not rated,Not rated,Not rated,Not rated,Not rated,Not rated,Not rated,Not rated,Not rated,Not rated,Not rated,Not rated,Not rated,Not rated,Not rated,Not rated,Not rated,Not rated,Not rated,Not rated,Not rated,Not rated,Not rated,Not rated,Not rated,Not rated,Not rated,Not rated,Not rated,Not rated,Not rated,Not rated,Not rated,Not rated,Not rated,Not rated,False,False,False,False,False,False,False,False,False,False,False,False,False,False,False,False,False,False,False,False,False,False,False,False,False,Not rated,Not rated,Not rated,Not rated,Not rated,Not rated,Not rated,Not rated,Not rated,Not rated,Not rated,Not rated,Not rated,Not rated,Not rated,Not rated,Not rated,Not rated,Not rated,Not rated,Not rated,Not rated,Not rated,Not rated,Not rated
54,13238462788,23,City,Nijmegen,Work,2,3,1,4,5,34,5,4,5,4,5,3,1,2,2,5,5,7,4,5,2,1,13238462788,Not rated,Not rated,Not rated,Not rated,Not rated,Not rated,Not rated,Not rated,Not rated,Not rated,Not rated,Not rated,Not rated,Not rated,Not rated,Not rated,Not rated,Not rated,Not rated,Not rated,Not rated,Not rated,Not rated,Not rated,Not rated,Not rated,Not rated,Not rated,Not rated,Not rated,Not rated,Not rated,Not rated,Not rated,Not rated,Not rated,Not rated,Not rated,Not rated,Not rated,Not rated,Not rated,Not rated,Not rated,Not rated,Not rated,Not rated,Not rated,Not rated,Not rated,False,True,True,False,False,False,False,True,False,False,False,False,False,True,False,False,False,False,False,False,True,False,False,False,False,Not rated,Not rated,Not rated,Not rated,Not rated,Not rated,Not rated,Not rated,Not rated,Not rated,Not rated,Not rated,Not rated,Not rated,Not rated,Not rated,Not rated,Not rated,Not rated,Not rated,Not rated,Not rated,Not rated,Not rated,Not rated
55,13238219369,23,"Village, City",Amsterdam ,Student,4,2,3,1,5,38,4,1,5,1,2,4,4,7,2,4,3,5,1,3,3,0,13238219369,Not rated,Not rated,Not rated,Not rated,Not rated,Not rated,Not rated,Not rated,Not rated,Not rated,Not rated,Not rated,Not rated,Not rated,Not rated,Not rated,Not rated,Not rated,Not rated,Not rated,Not rated,Not rated,Not rated,Not rated,Not rated,Not rated,Not rated,Not rated,Not rated,Not rated,Not rated,Not rated,Not rated,Not rated,Not rated,Not rated,Not rated,Not rated,Not rated,Not rated,Not rated,Not rated,Not rated,Not rated,Not rated,Not rated,Not rated,Not rated,Not rated,Not rated,True,True,True,False,False,False,False,True,True,False,True,True,True,True,False,True,True,True,True,True,True,True,True,True,False,Not rated,Not rated,Not rated,Not rated,Not rated,Not rated,Not rated,Not rated,Not rated,Not rated,Not rated,Not rated,Not rated,Not rated,Not rated,Not rated,Not rated,Not rated,Not rated,Not rated,Not rated,Not rated,Not rated,Not rated,Not rated
56,13237370495,21,City,Breda,Work,4,3,5,1,2,36,5,5,3,4,2,2,4,3,5,5,6,4,5,5,3,0,13237370495,Not rated,Not rated,Not rated,Not rated,Not rated,Not rated,Not rated,Not rated,Not rated,Not rated,Not rated,Not rated,Not rated,Not rated,Not rated,Not rated,Not rated,Not rated,Not rated,Not rated,Not rated,Not rated,Not rated,Not rated,Not rated,Not rated,Not rated,Not rated,Not rated,Not rated,Not rated,Not rated,Not rated,Not rated,Not rated,Not rated,Not rated,Not rated,Not rated,Not rated,Not rated,Not rated,Not rated,Not rated,Not rated,Not rated,Not rated,Not rated,Not rated,Not rated,True,False,False,False,True,True,True,False,True,False,True,True,True,True,False,False,True,False,True,False,True,False,False,True,True,Not rated,Not rated,Not rated,Not rated,Not rated,Not rated,Not rated,Not rated,Not rated,Not rated,Not rated,Not rated,Not rated,Not rated,Not rated,Not rated,Not rated,Not rated,Not rated,Not rated,Not rated,Not rated,Not rated,Not rated,Not rated
57,13237575480,21,City,Bergen op zoom,Student,1,3,2,5,4,34,2,2,6,3,3,1,2,1,3,1,5,4,5,4,3,0,13237575480,Not rated,Not rated,Not rated,Not rated,Not rated,Not rated,Not rated,Not rated,Not rated,Not rated,Not rated,Not rated,Not rated,Not rated,Not rated,Not rated,Not rated,Not rated,Not rated,Not rated,Not rated,Not rated,Not rated,Not rated,Not rated,Not rated,Not rated,Not rated,Not rated,Not rated,Not rated,Not rated,Not rated,Not rated,Not rated,Not rated,Not rated,Not rated,Not rated,Not rated,Not rated,Not rated,Not rated,Not rated,Not rated,Not rated,Not rated,Not rated,Not rated,Not rated,False,False,False,False,False,False,False,False,False,False,False,False,False,False,False,False,False,False,False,False,False,False,False,False,False,Not rated,Not rated,Not rated,Not rated,Not rated,Not rated,Not rated,Not rated,Not rated,Not rated,Not rated,Not rated,Not rated,Not rated,Not rated,Not rated,Not rated,Not rated,Not rated,Not rated,Not rated,Not rated,Not rated,Not rated,Not rated
58,13237317993,22,Village,Oisterwijk,Student,5,1,4,2,3,38,3,4,5,3,2,1,0,0,1,7,6,7,6,7,1,2,13237317993,Not rated,Not rated,Not rated,Not rated,Not rated,Not rated,Not rated,Not rated,Not rated,Not rated,Not rated,Not rated,Not rated,Not rated,Not rated,Not rated,Not rated,Not rated,Not rated,Not rated,Not rated,Not rated,Not rated,Not rated,Not rated,Not rated,Not rated,Not rated,Not rated,Not rated,Not rated,Not rated,Not rated,Not rated,Not rated,Not rated,Not rated,Not rated,Not rated,Not rated,Not rated,Not rated,Not rated,Not rated,Not rated,Not rated,Not rated,Not rated,Not rated,Not rated,False,True,False,False,False,True,False,True,False,False,False,True,True,False,False,False,True,True,True,False,True,False,False,False,False,Not rated,Not rated,Not rated,Not rated,Not rated,Not rated,Not rated,Not rated,Not rated,Not rated,Not rated,Not rated,Not rated,Not rated,Not rated,Not rated,Not rated,Not rated,Not rated,Not rated,Not rated,Not rated,Not rated,Not rated,Not rated
59,13263660860,23,Village,Dongen,Student,5,3,4,1,2,38,5,3,2,5,3,4,2,3,5,2,6,5,3,5,3,1,13263660860,Not rated,Not rated,Not rated,Not rated,Not rated,Not rated,Not rated,Not rated,Not rated,Not rated,Not rated,Not rated,Not rated,Not rated,Not rated,Not rated,Not rated,Not rated,Not rated,Not rated,Not rated,Not rated,Not rated,Not rated,Not rated,Not rated,Not rated,Not rated,Not rated,Not rated,Not rated,Not rated,Not rated,Not rated,Not rated,Not rated,Not rated,Not rated,Not rated,Not rated,Not rated,Not rated,Not rated,Not rated,Not rated,Not rated,Not rated,Not rated,Not rated,Not rated,Not rated,Not rated,Not rated,Not rated,Not rated,Not rated,Not rated,Not rated,Not rated,Not rated,Not rated,Not rated,Not rated,Not rated,Not rated,Not rated,Not rated,Not rated,Not rated,Not rated,Not rated,Not rated,Not rated,Not rated,Not rated,False,True,True,False,False,True,False,False,True,True,False,True,True,True,False,False,False,True,True,True,True,True,True,True,False
60,13263513849,25,City,Rotterdam,Student,4,2,5,1,3,40,2,1,5,2,3,2,1,5,3,2,6,6,2,6,5,1,13263513849,Not rated,Not rated,Not rated,Not rated,Not rated,Not rated,Not rated,Not rated,Not rated,Not rated,Not rated,Not rated,Not rated,Not rated,Not rated,Not rated,Not rated,Not rated,Not rated,Not rated,Not rated,Not rated,Not rated,Not rated,Not rated,Not rated,Not rated,Not rated,Not rated,Not rated,Not rated,Not rated,Not rated,Not rated,Not rated,Not rated,Not rated,Not rated,Not rated,Not rated,Not rated,Not rated,Not rated,Not rated,Not rated,Not rated,Not rated,Not rated,Not rated,Not rated,Not rated,Not rated,Not rated,Not rated,Not rated,Not rated,Not rated,Not rated,Not rated,Not rated,Not rated,Not rated,Not rated,Not rated,Not rated,Not rated,Not rated,Not rated,Not rated,Not rated,Not rated,Not rated,Not rated,Not rated,Not rated,False,True,True,True,False,True,False,False,True,False,False,True,True,True,True,False,False,True,False,False,False,False,True,True,False
61,13249117061,25,Village,Dongen,Work,2,3,5,1,4,38,5,6,3,5,5,3,5,5,5,5,3,3,5,3,5,2,13249117061,Not rated,Not rated,Not rated,Not rated,Not rated,Not rated,Not rated,Not rated,Not rated,Not rated,Not rated,Not rated,Not rated,Not rated,Not rated,Not rated,Not rated,Not rated,Not rated,Not rated,Not rated,Not rated,Not rated,Not rated,Not rated,Not rated,Not rated,Not rated,Not rated,Not rated,Not rated,Not rated,Not rated,Not rated,Not rated,Not rated,Not rated,Not rated,Not rated,Not rated,Not rated,Not rated,Not rated,Not rated,Not rated,Not rated,Not rated,Not rated,Not rated,Not rated,Not rated,Not rated,Not rated,Not rated,Not rated,Not rated,Not rated,Not rated,Not rated,Not rated,Not rated,Not rated,Not rated,Not rated,Not rated,Not rated,Not rated,Not rated,Not rated,Not rated,Not rated,Not rated,Not rated,Not rated,Not rated,False,False,True,False,False,True,True,True,False,True,False,False,True,True,False,False,False,True,False,True,True,True,True,True,False
62,13239748413,30,City,Tilburg,Work,4,1,5,3,2,40,4,6,3,6,3,3,3,1,4,4,4,3,3,4,0,0,13239748413,Not rated,Not rated,Not rated,Not rated,Not rated,Not rated,Not rated,Not rated,Not rated,Not rated,Not rated,Not rated,Not rated,Not rated,Not rated,Not rated,Not rated,Not rated,Not rated,Not rated,Not rated,Not rated,Not rated,Not rated,Not rated,Not rated,Not rated,Not rated,Not rated,Not rated,Not rated,Not rated,Not rated,Not rated,Not rated,Not rated,Not rated,Not rated,Not rated,Not rated,Not rated,Not rated,Not rated,Not rated,Not rated,Not rated,Not rated,Not rated,Not rated,Not rated,Not rated,Not rated,Not rated,Not rated,Not rated,Not rated,Not rated,Not rated,Not rated,Not rated,Not rated,Not rated,Not rated,Not rated,Not rated,Not rated,Not rated,Not rated,Not rated,Not rated,Not rated,Not rated,Not rated,Not rated,Not rated,False,False,False,False,False,False,False,False,False,False,False,False,False,False,False,False,False,False,False,False,False,False,False,False,False
63,13239710119,30,City,Tilburg,Work,5,2,1,3,4,38,3,5,6,4,5,1,2,0,2,4,6,5,4,4,1,0,13239710119,Not rated,Not rated,Not rated,Not rated,Not rated,Not rated,Not rated,Not rated,Not rated,Not rated,Not rated,Not rated,Not rated,Not rated,Not rated,Not rated,Not rated,Not rated,Not rated,Not rated,Not rated,Not rated,Not rated,Not rated,Not rated,Not rated,Not rated,Not rated,Not rated,Not rated,Not rated,Not rated,Not rated,Not rated,Not rated,Not rated,Not rated,Not rated,Not rated,Not rated,Not rated,Not rated,Not rated,Not rated,Not rated,Not rated,Not rated,Not rated,Not rated,Not rated,Not rated,Not rated,Not rated,Not rated,Not rated,Not rated,Not rated,Not rated,Not rated,Not rated,Not rated,Not rated,Not rated,Not rated,Not rated,Not rated,Not rated,Not rated,Not rated,Not rated,Not rated,Not rated,Not rated,Not rated,Not rated,True,False,False,False,True,True,True,True,True,False,False,True,False,True,True,True,True,False,False,True,True,True,True,True,True
64,13239676771,30,City,Tilburg,Work,5,2,1,3,4,38,4,4,5,3,2,1,3,0,2,5,6,5,5,3,1,0,13239676771,Not rated,Not rated,Not rated,Not rated,Not rated,Not rated,Not rated,Not rated,Not rated,Not rated,Not rated,Not rated,Not rated,Not rated,Not rated,Not rated,Not rated,Not rated,Not rated,Not rated,Not rated,Not rated,Not rated,Not rated,Not rated,Not rated,Not rated,Not rated,Not rated,Not rated,Not rated,Not rated,Not rated,Not rated,Not rated,Not rated,Not rated,Not rated,Not rated,Not rated,Not rated,Not rated,Not rated,Not rated,Not rated,Not rated,Not rated,Not rated,Not rated,Not rated,Not rated,Not rated,Not rated,Not rated,Not rated,Not rated,Not rated,Not rated,Not rated,Not rated,Not rated,Not rated,Not rated,Not rated,Not rated,Not rated,Not rated,Not rated,Not rated,Not rated,Not rated,Not rated,Not rated,Not rated,Not rated,False,False,False,False,False,False,False,False,False,False,False,False,False,False,False,False,False,False,False,False,False,False,False,False,False
65,13237754403,22,City,Breda,Work,3,5,4,1,2,36,4,3,6,4,4,1,1,2,5,5,4,4,3,4,1,1,13237754403,Not rated,Not rated,Not rated,Not rated,Not rated,Not rated,Not rated,Not rated,Not rated,Not rated,Not rated,Not rated,Not rated,Not rated,Not rated,Not rated,Not rated,Not rated,Not rated,Not rated,Not rated,Not rated,Not rated,Not rated,Not rated,Not rated,Not rated,Not rated,Not rated,Not rated,Not rated,Not rated,Not rated,Not rated,Not rated,Not rated,Not rated,Not rated,Not rated,Not rated,Not rated,Not rated,Not rated,Not rated,Not rated,Not rated,Not rated,Not rated,Not rated,Not rated,Not rated,Not rated,Not rated,Not rated,Not rated,Not rated,Not rated,Not rated,Not rated,Not rated,Not rated,Not rated,Not rated,Not rated,Not rated,Not rated,Not rated,Not rated,Not rated,Not rated,Not rated,Not rated,Not rated,Not rated,Not rated,True,False,True,False,False,False,True,True,False,True,False,True,False,True,False,False,True,True,False,False,True,True,True,True,False
66,13237808350,23,Village,Dongen,Work,3,4,5,2,1,38,3,3,5,1,6,1,2,3,4,3,2,5,6,5,4,2,13237808350,Not rated,Not rated,Not rated,Not rated,Not rated,Not rated,Not rated,Not rated,Not rated,Not rated,Not rated,Not rated,Not rated,Not rated,Not rated,Not rated,Not rated,Not rated,Not rated,Not rated,Not rated,Not rated,Not rated,Not rated,Not rated,Not rated,Not rated,Not rated,Not rated,Not rated,Not rated,Not rated,Not rated,Not rated,Not rated,Not rated,Not rated,Not rated,Not rated,Not rated,Not rated,Not rated,Not rated,Not rated,Not rated,Not rated,Not rated,Not rated,Not rated,Not rated,Not rated,Not rated,Not rated,Not rated,Not rated,Not rated,Not rated,Not rated,Not rated,Not rated,Not rated,Not rated,Not rated,Not rated,Not rated,Not rated,Not rated,Not rated,Not rated,Not rated,Not rated,Not rated,Not rated,Not rated,Not rated,False,False,True,True,True,True,True,True,True,True,False,True,False,True,False,True,True,True,False,False,False,True,False,True,False
67,13237797264,23,Village,Dongen,Student,5,2,3,1,4,36,3,5,7,4,2,1,2,1,3,3,5,6,5,5,2,0,13237797264,Not rated,Not rated,Not rated,Not rated,Not rated,Not rated,Not rated,Not rated,Not rated,Not rated,Not rated,Not rated,Not rated,Not rated,Not rated,Not rated,Not rated,Not rated,Not rated,Not rated,Not rated,Not rated,Not rated,Not rated,Not rated,Not rated,Not rated,Not rated,Not rated,Not rated,Not rated,Not rated,Not rated,Not rated,Not rated,Not rated,Not rated,Not rated,Not rated,Not rated,Not rated,Not rated,Not rated,Not rated,Not rated,Not rated,Not rated,Not rated,Not rated,Not rated,Not rated,Not rated,Not rated,Not rated,Not rated,Not rated,Not rated,Not rated,Not rated,Not rated,Not rated,Not rated,Not rated,Not rated,Not rated,Not rated,Not rated,Not rated,Not rated,Not rated,Not rated,Not rated,Not rated,Not rated,Not rated,False,False,False,False,False,False,True,True,False,True,False,False,False,False,False,False,False,False,False,True,False,True,True,True,False
68,13237763648,26,City,Utrecht,Work,5,4,2,3,1,38,0,3,3,1,0,3,5,2,2,4,5,6,3,3,3,0,13237763648,Not rated,Not rated,Not rated,Not rated,Not rated,Not rated,Not rated,Not rated,Not rated,Not rated,Not rated,Not rated,Not rated,Not rated,Not rated,Not rated,Not rated,Not rated,Not rated,Not rated,Not rated,Not rated,Not rated,Not rated,Not rated,Not rated,Not rated,Not rated,Not rated,Not rated,Not rated,Not rated,Not rated,Not rated,Not rated,Not rated,Not rated,Not rated,Not rated,Not rated,Not rated,Not rated,Not rated,Not rated,Not rated,Not rated,Not rated,Not rated,Not rated,Not rated,Not rated,Not rated,Not rated,Not rated,Not rated,Not rated,Not rated,Not rated,Not rated,Not rated,Not rated,Not rated,Not rated,Not rated,Not rated,Not rated,Not rated,Not rated,Not rated,Not rated,Not rated,Not rated,Not rated,Not rated,Not rated,False,False,True,False,False,True,True,False,True,False,True,False,False,True,True,False,False,True,True,True,False,True,True,True,False
69,13237765133,24,City,Utrecht,Student,2,4,5,1,3,38,3,1,5,3,6,3,2,6,5,6,6,7,7,1,1,0,13237765133,Not rated,Not rated,Not rated,Not rated,Not rated,Not rated,Not rated,Not rated,Not rated,Not rated,Not rated,Not rated,Not rated,Not rated,Not rated,Not rated,Not rated,Not rated,Not rated,Not rated,Not rated,Not rated,Not rated,Not rated,Not rated,Not rated,Not rated,Not rated,Not rated,Not rated,Not rated,Not rated,Not rated,Not rated,Not rated,Not rated,Not rated,Not rated,Not rated,Not rated,Not rated,Not rated,Not rated,Not rated,Not rated,Not rated,Not rated,Not rated,Not rated,Not rated,Not rated,Not rated,Not rated,Not rated,Not rated,Not rated,Not rated,Not rated,Not rated,Not rated,Not rated,Not rated,Not rated,Not rated,Not rated,Not rated,Not rated,Not rated,Not rated,Not rated,Not rated,Not rated,Not rated,Not rated,Not rated,False,False,False,False,False,True,True,True,False,False,False,False,False,True,False,False,True,True,True,False,False,True,False,True,True
70,13237751174,21,City,Utrecht,Student,4,5,3,1,2,34,3,3,5,2,5,2,3,5,4,2,5,6,5,5,1,0,13237751174,Not rated,Not rated,Not rated,Not rated,Not rated,Not rated,Not rated,Not rated,Not rated,Not rated,Not rated,Not rated,Not rated,Not rated,Not rated,Not rated,Not rated,Not rated,Not rated,Not rated,Not rated,Not rated,Not rated,Not rated,Not rated,Not rated,Not rated,Not rated,Not rated,Not rated,Not rated,Not rated,Not rated,Not rated,Not rated,Not rated,Not rated,Not rated,Not rated,Not rated,Not rated,Not rated,Not rated,Not rated,Not rated,Not rated,Not rated,Not rated,Not rated,Not rated,Not rated,Not rated,Not rated,Not rated,Not rated,Not rated,Not rated,Not rated,Not rated,Not rated,Not rated,Not rated,Not rated,Not rated,Not rated,Not rated,Not rated,Not rated,Not rated,Not rated,Not rated,Not rated,Not rated,Not rated,Not rated,False,False,True,True,False,True,False,True,True,True,True,False,False,True,True,False,False,True,True,True,True,True,False,True,False
71,13237465898,23,City,Utrecht,Work,2,3,5,1,4,36,2,2,6,3,2,1,2,0,2,4,5,6,4,5,1,2,13237465898,Not rated,Not rated,Not rated,Not rated,Not rated,Not rated,Not rated,Not rated,Not rated,Not rated,Not rated,Not rated,Not rated,Not rated,Not rated,Not rated,Not rated,Not rated,Not rated,Not rated,Not rated,Not rated,Not rated,Not rated,Not rated,Not rated,Not rated,Not rated,Not rated,Not rated,Not rated,Not rated,Not rated,Not rated,Not rated,Not rated,Not rated,Not rated,Not rated,Not rated,Not rated,Not rated,Not rated,Not rated,Not rated,Not rated,Not rated,Not rated,Not rated,Not rated,Not rated,Not rated,Not rated,Not rated,Not rated,Not rated,Not rated,Not rated,Not rated,Not rated,Not rated,Not rated,Not rated,Not rated,Not rated,Not rated,Not rated,Not rated,Not rated,Not rated,Not rated,Not rated,Not rated,Not rated,Not rated,False,False,True,True,False,False,True,True,True,False,False,True,False,False,True,False,True,True,False,True,False,True,True,True,False
72,13237529736,24,"Village, City",Utrecht,Student,5,1,2,3,4,36,4,0,4,6,0,0,4,0,0,3,2,4,5,3,1,1,13237529736,Not rated,Not rated,Not rated,Not rated,Not rated,Not rated,Not rated,Not rated,Not rated,Not rated,Not rated,Not rated,Not rated,Not rated,Not rated,Not rated,Not rated,Not rated,Not rated,Not rated,Not rated,Not rated,Not rated,Not rated,Not rated,Not rated,Not rated,Not rated,Not rated,Not rated,Not rated,Not rated,Not rated,Not rated,Not rated,Not rated,Not rated,Not rated,Not rated,Not rated,Not rated,Not rated,Not rated,Not rated,Not rated,Not rated,Not rated,Not rated,Not rated,Not rated,Not rated,Not rated,Not rated,Not rated,Not rated,Not rated,Not rated,Not rated,Not rated,Not rated,Not rated,Not rated,Not rated,Not rated,Not rated,Not rated,Not rated,Not rated,Not rated,Not rated,Not rated,Not rated,Not rated,Not rated,Not rated,False,False,False,False,False,False,False,False,False,False,False,False,False,False,False,False,False,False,False,False,False,False,False,False,False
73,13237445953,24,City,Amsterdam,Student,1,2,5,3,4,40,2,4,4,2,3,1,5,0,2,5,4,4,0,3,3,2,13237445953,Not rated,Not rated,Not rated,Not rated,Not rated,Not rated,Not rated,Not rated,Not rated,Not rated,Not rated,Not rated,Not rated,Not rated,Not rated,Not rated,Not rated,Not rated,Not rated,Not rated,Not rated,Not rated,Not rated,Not rated,Not rated,Not rated,Not rated,Not rated,Not rated,Not rated,Not rated,Not rated,Not rated,Not rated,Not rated,Not rated,Not rated,Not rated,Not rated,Not rated,Not rated,Not rated,Not rated,Not rated,Not rated,Not rated,Not rated,Not rated,Not rated,Not rated,Not rated,Not rated,Not rated,Not rated,Not rated,Not rated,Not rated,Not rated,Not rated,Not rated,Not rated,Not rated,Not rated,Not rated,Not rated,Not rated,Not rated,Not rated,Not rated,Not rated,Not rated,Not rated,Not rated,Not rated,Not rated,False,False,False,False,False,False,False,False,False,False,False,False,False,False,False,False,False,False,False,False,False,False,False,False,False
74,13237375572,21,City,Rotterdam,Student,3,1,5,2,4,42,5,1,3,1,4,3,3,1,4,5,3,4,6,4,4,1,13237375572,Not rated,Not rated,Not rated,Not rated,Not rated,Not rated,Not rated,Not rated,Not rated,Not rated,Not rated,Not rated,Not rated,Not rated,Not rated,Not rated,Not rated,Not rated,Not rated,Not rated,Not rated,Not rated,Not rated,Not rated,Not rated,Not rated,Not rated,Not rated,Not rated,Not rated,Not rated,Not rated,Not rated,Not rated,Not rated,Not rated,Not rated,Not rated,Not rated,Not rated,Not rated,Not rated,Not rated,Not rated,Not rated,Not rated,Not rated,Not rated,Not rated,Not rated,Not rated,Not rated,Not rated,Not rated,Not rated,Not rated,Not rated,Not rated,Not rated,Not rated,Not rated,Not rated,Not rated,Not rated,Not rated,Not rated,Not rated,Not rated,Not rated,Not rated,Not rated,Not rated,Not rated,Not rated,Not rated,False,False,False,False,False,False,True,True,False,False,True,False,False,False,True,False,True,True,True,True,False,True,False,True,False
