Respondent ID,Collector ID,Start Date,End Date,IP Address,Email Address,First Name,Last Name,Custom Data 1,What is your age?,Do you live in a village or a city?,In what village or city do you live?,What is your occupation?,Rank these interests (hobbies) on personal relevance. Top = most interested. Bottom = least interested.,,,,,What (upperwear) clothing size do you have?,,,,,,,,,,,,1/ 15 - What are you like? Rugged - Delicate.Rugged: strong & powerful. Delicate: being vulnerable.,2/ 15 - What are you like? Exitable - Calm.Exitable: readily roused into action / responsive to stimulation. Calm: inner peace / absence of strong emotions.,"3/ 15 - What are you like? Uncomfortable - Comfortable.Uncomfortable: causing discomfort or annoyance / feeling uneasy. Comfortable: affording or enjoying physical contentment and security / free from doubt, free from stress or tension.",4/ 15 - What are you like? Dominating - Submissive.Dominating: being in control / have power or influence over. Submissive: ready to conform to the authority or will of others.,"5/ 15 - What are you like? Thrifty - Indulgent.Thrifty: using money and other resources carefully and not wastefully. Indulgent: the attitude of allowing yourself or someone else to have something enjoyable, or the act of having something enjoyable (easily giving in).","6/ 15 - What are you like? Pleasant - Unpleasant.Pleasant: polite or agreeable. Unpleasant: harsh, offensive, disagreeable.",7/ 15 - What are you like? Contemporary - Non contemporary.Contemporary: modern / present-day. Non contemporary: old-fashioned.,8/ 15 - What are you like? Organized - Unorganized.Organized: give an orderly structure to /  systematize. Unorganized: not orderly / destroy the system or order; throw into confusion.,9/ 15 - What are you like? Rational - Emotional.Rational: cool / task- and logic-focused / pragmatic. Emotional: feelings-focused / intense / impulsive.,"10/ 15 - What are you like? Youthful - Mature.Youthful: having the vitality or freshness of youth. Mature: fully developed / grown up in terms of physical appearance, behaviour or thinking.","11/ 15 -  What are you like? Formal / Informal.Formal: being in accord with established forms, conventions and requirements. Informal: relaxed and friendly /  not following strict rules of how to behave or do something.","12/ 15 - What are you like? Orthodox - Liberal.Orthodox: conforming to the established, accepted or traditional doctrines. Liberal: openness / more tolerance for change.","13/ 15 - What are you like? Complex - Simple.Complex: someone who is harder to gauge in terms of opinions, interests, experiences, abilities and knowledge than average. Simple: showing little deviation from the norm within their social class, sex, sexuality, age, appearance, geographical place of origin, political affiliation and so on.",14/ 15 - What are you like? Colorless - Colorful.Colorless: preferation of the ordinary. Colorful: controversial and colorful character. ,"15/ 15 - What are you like? Modest - Vain.Modest: Not bragging or boasting about oneself or one's achievements / humble. Vain: Excessive pride in or admiration of one's own abilities, appearance or achievements.",1.0 - Which style label(s) would you assign this clothing item? Select at most 5 style labels. https://images.afound.com/images/5b6ee9d2-51c4-4d25-bf69-9aa91e0a2ea5/3d8e6fd15e3941938cc4ef831113ed39.jpg?preset=productcard,,,,,,,,,,,,,,,,,,,,,,,,,,,1.1 - Rate upperwear ^,,2.0 - Which style label(s) would you assign this clothing item? Select at most 5 style labels. https://na-kd.com/globalassets/201102_angelica_blick_babylock_ribbed_top_1692-000013-4070_01b.jpg?ref=CFE0AC4B1B,,,,,,,,,,,,,,,,,,,,,,,,,,,2.1 - Rate upperwear ^,,3.0 - Which style label(s) would you assign this clothing item? Select at most 5 style labels. https://na-kd.com/globalassets/nakd_animal_printed_shirt_jacket_1018-007180-0142_01a.jpg?ref=EA13436714,,,,,,,,,,,,,,,,,,,,,,,,,,,3.1 - Rate upperwear ^,,4.0 - Which style label(s) would you assign this clothing item? Select at most 5 style labels. https://cdn.gutsgusto.com/pictures/medium/81343-1.webp,,,,,,,,,,,,,,,,,,,,,,,,,,,4.1 - Rate upperwear ^,,5.0 - Which style label(s) would you assign this clothing item? Select at most 5 style labels. https://cdn.gutsgusto.com/pictures/medium/82062-1636614000.webp,,,,,,,,,,,,,,,,,,,,,,,,,,,5.1 - Rate upperwear ^,,6.0 - Which style label(s) would you assign this clothing item? Select at most 5 style labels. https://na-kd.com/globalassets/rutandcircle_alina_frill_singlet_1031-006415-0140_01a.jpg?ref=81B6723BFF,,,,,,,,,,,,,,,,,,,,,,,,,,,6.1 - Rate upperwear ^,,7.0 - Which style label(s) would you assign this clothing item? Select at most 5 style labels. https://na-kd.com/globalassets/nakd_animal_printed_v-neck_knitted_sweater_1018-003395-0142_01a.jpg?ref=ECD10841ED,,,,,,,,,,,,,,,,,,,,,,,,,,,7.1 - Rate upperwear ^,,8.0 - Which style label(s) would you assign this clothing item? Select at most 5 style labels. https://na-kd.com/globalassets/nakd_babylock_striped_tee_1018-001524-0010_01a_r.jpg?ref=ED0716C96F,,,,,,,,,,,,,,,,,,,,,,,,,,,8.1 - Rate upperwear ^,,9.0 - Which style label(s) would you assign this clothing item? Select at most 5 style labels. https://na-kd.com/globalassets/nakd_balloon_sleeve_pu_top_1018-005052-0005_01a.jpg?ref=2E846A7D80,,,,,,,,,,,,,,,,,,,,,,,,,,,9.1 - Rate upperwear ^,,10.0 - Which style label(s) would you assign this clothing item? Select at most 5 style labels. https://esprit.scene7.com/is/image/esprit/111EO1K324_110_20?$SFCC_L$,,,,,,,,,,,,,,,,,,,,,,,,,,,10.1 - Rate upperwear ^,,11.0 - Which style label(s) would you assign this clothing item? Select at most 5 style labels. https://na-kd.com/globalassets/nakd_balloon_sleeve_knitted_sweater_1100-000253-0008_01j.jpg?ref=D69FBFBB28,,,,,,,,,,,,,,,,,,,,,,,,,,,11.1 - Rate upperwear ^,,12.0 - Which style label(s) would you assign this clothing item? Select at most 5 style labels. https://esprit.scene7.com/is/image/esprit/081EO1K327_110_20?$SFCC_L$,,,,,,,,,,,,,,,,,,,,,,,,,,,12.1 - Rate upperwear ^,,13.0 - Which style label(s) would you assign this clothing item? Select at most 5 style labels. https://na-kd.com/globalassets/nakd_balloon_sleeve_wavy_blouse_black_1594-000211-0002_01a.jpg?ref=6366F378CD,,,,,,,,,,,,,,,,,,,,,,,,,,,13.1 - Rate upperwear ^,,14.0 - Which style label(s) would you assign this clothing item? Select at most 5 style labels. https://na-kd.com/globalassets/nakd_balloon_sleeve_cropped_denim_jacket_1660-000172-0010_01a.jpg?ref=AC5951C333,,,,,,,,,,,,,,,,,,,,,,,,,,,14.1 - Rate upperwear ^,,15.0 - Which style label(s) would you assign this clothing item? Select at most 5 style labels. https://na-kd.com/globalassets/nakd_2-pack_crew_tee_white_1018-002796-0001_01a.jpg?ref=AE17C4F541,,,,,,,,,,,,,,,,,,,,,,,,,,,15.1 - Rate upperwear ^,,16.0 - Which style label(s) would you assign this clothing item? Select at most 5 style labels. https://esprit.scene7.com/is/image/esprit/071CC1K313_110_20?$SFCC_L$,,,,,,,,,,,,,,,,,,,,,,,,,,,16.1 - Rate upperwear ^,,17.0 - Which style label(s) would you assign this clothing item? Select at most 5 style labels. https://na-kd.com/globalassets/nakd_asymetreical_blouse_1655-000009-0001_01a_r.jpg?ref=9A642F5322,,,,,,,,,,,,,,,,,,,,,,,,,,,17.1 - Rate upperwear ^,,18.0 - Which style label(s) would you assign this clothing item? Select at most 5 style labels. https://na-kd.com/globalassets/mango_baby_blouse_1587-001606-0260_01a.jpg?ref=22F34E86F7,,,,,,,,,,,,,,,,,,,,,,,,,,,18.1 - Rate upperwear ^,,19.0 - Which style label(s) would you assign this clothing item? Select at most 5 style labels. https://images.afound.com/images/9a2361a3-cef1-4122-a4d5-662b603559fa/83b4f4b52eff44b49e3f9fbf195a31a7.jpg?preset=productcard,,,,,,,,,,,,,,,,,,,,,,,,,,,19.1 - Rate upperwear ^,,20.0 - Which style label(s) would you assign this clothing item? Select at most 5 style labels. https://na-kd.com/globalassets/chloeb_balloon_sleeve_cut_out_top_1599-000150-0115_01a.jpg?ref=2F00616528,,,,,,,,,,,,,,,,,,,,,,,,,,,20.1 - Rate upperwear ^,,21.0 - Which style label(s) would you assign this clothing item? Select at most 5 style labels. https://na-kd.com/globalassets/nakd_anglaise_balloon_sleeve_frill_blouse_1014-000888-4046_01a.jpg?ref=02E3FFACC2,,,,,,,,,,,,,,,,,,,,,,,,,,,21.1 - Rate upperwear ^,,22.0 - Which style label(s) would you assign this clothing item? Select at most 5 style labels. https://na-kd.com/globalassets/hanna_balloon_sleeve_open_back_blouse_1647-000067-0001_01b.jpg?ref=24DA4C8B05,,,,,,,,,,,,,,,,,,,,,,,,,,,22.1 - Rate upperwear ^,,23.0 - Which style label(s) would you assign this clothing item? Select at most 5 style labels. https://na-kd.com/globalassets/rut_anna_singlet_1031-004259-0002_01a.jpg?ref=8E897A708D,,,,,,,,,,,,,,,,,,,,,,,,,,,23.1 - Rate upperwear ^,,24.0 - Which style label(s) would you assign this clothing item? Select at most 5 style labels. https://images.afound.com/images/25c66d24-d9ac-400a-b983-10e1cf902e1f/968b0d9f435443e484aaf1d5077faeb7.jpg?preset=productcard,,,,,,,,,,,,,,,,,,,,,,,,,,,24.1 - Rate upperwear ^,,25.0 - Which style label(s) would you assign this clothing item? Select at most 5 style labels. https://cdn.aboutstatic.com/file/images/915ddfcce5a02bd831cd9b5b10671f58.jpg?brightness=0.96&quality=75&trim=1&height=1280&width=960,,,,,,,,,,,,,,,,,,,,,,,,,,,25.1 - Rate upperwear ^,
,,,,,,,,,Open-Ended Response,Response,Open-Ended Response,Response,Reading,Cooking,Watching sports on television,Travel,Health & Fitness,32,34,36,38,40,42,44,46,48,50,52,54,Open-Ended Response,Open-Ended Response,Open-Ended Response,Open-Ended Response,Open-Ended Response,Open-Ended Response,Open-Ended Response,Open-Ended Response,Open-Ended Response,Open-Ended Response,Open-Ended Response,Open-Ended Response,Open-Ended Response,Open-Ended Response,Open-Ended Response,Active,Bohemian,Bold,Business,Casual,Chic,Classic,Colorful,Comfortable,Contemporary,Designer,Eclectic,Fantasy,Feminine,Form-fitting,Formal,Goth,Loose-fit,Luxury,Minimalistic,Modest,Monochrome,Party,Playful,Romantic,Sexy,Unconventional,Like,Dislike,Active,Bohemian,Bold,Business,Casual,Chic,Classic,Colorful,Comfortable,Contemporary,Designer,Eclectic,Fantasy,Feminine,Form-fitting,Formal,Goth,Loose-fit,Luxury,Minimalistic,Modest,Monochrome,Party,Playful,Romantic,Sexy,Unconventional,Like,Dislike,Active,Bohemian,Bold,Business,Casual,Chic,Classic,Colorful,Comfortable,Contemporary,Designer,Eclectic,Fantasy,Feminine,Form-fitting,Formal,Goth,Loose-fit,Luxury,Minimalistic,Modest,Monochrome,Party,Playful,Romantic,Sexy,Unconventional,Like,Dislike,Active,Bohemian,Bold,Business,Casual,Chic,Classic,Colorful,Comfortable,Contemporary,Designer,Eclectic,Fantasy,Feminine,Form-fitting,Formal,Goth,Loose-fit,Luxury,Minimalistic,Modest,Monochrome,Party,Playful,Romantic,Sexy,Unconventional,Like,Dislike,Active,Bohemian,Bold,Business,Casual,Chic,Classic,Colorful,Comfortable,Contemporary,Designer,Eclectic,Fantasy,Feminine,Form-fitting,Formal,Goth,Loose-fit,Luxury,Minimalistic,Modest,Monochrome,Party,Playful,Romantic,Sexy,Unconventional,Like,Dislike,Active,Bohemian,Bold,Business,Casual,Chic,Classic,Colorful,Comfortable,Contemporary,Designer,Eclectic,Fantasy,Feminine,Form-fitting,Formal,Goth,Loose-fit,Luxury,Minimalistic,Modest,Monochrome,Party,Playful,Romantic,Sexy,Unconventional,Like,Dislike,Active,Bohemian,Bold,Business,Casual,Chic,Classic,Colorful,Comfortable,Contemporary,Designer,Eclectic,Fantasy,Feminine,Form-fitting,Formal,Goth,Loose-fit,Luxury,Minimalistic,Modest,Monochrome,Party,Playful,Romantic,Sexy,Unconventional,Like,Dislike,Active,Bohemian,Bold,Business,Casual,Chic,Classic,Colorful,Comfortable,Contemporary,Designer,Eclectic,Fantasy,Feminine,Form-fitting,Formal,Goth,Loose-fit,Luxury,Minimalistic,Modest,Monochrome,Party,Playful,Romantic,Sexy,Unconventional,Like,Dislike,Active,Bohemian,Bold,Business,Casual,Chic,Classic,Colorful,Comfortable,Contemporary,Designer,Eclectic,Fantasy,Feminine,Form-fitting,Formal,Goth,Loose-fit,Luxury,Minimalistic,Modest,Monochrome,Party,Playful,Romantic,Sexy,Unconventional,Like,Dislike,Active,Bohemian,Bold,Business,Casual,Chic,Classic,Colorful,Comfortable,Contemporary,Designer,Eclectic,Fantasy,Feminine,Form-fitting,Formal,Goth,Loose-fit,Luxury,Minimalistic,Modest,Monochrome,Party,Playful,Romantic,Sexy,Unconventional,Like,Dislike,Active,Bohemian,Bold,Business,Casual,Chic,Classic,Colorful,Comfortable,Contemporary,Designer,Eclectic,Fantasy,Feminine,Form-fitting,Formal,Goth,Loose-fit,Luxury,Minimalistic,Modest,Monochrome,Party,Playful,Romantic,Sexy,Unconventional,Like,Dislike,Active,Bohemian,Bold,Business,Casual,Chic,Classic,Colorful,Comfortable,Contemporary,Designer,Eclectic,Fantasy,Feminine,Form-fitting,Formal,Goth,Loose-fit,Luxury,Minimalistic,Modest,Monochrome,Party,Playful,Romantic,Sexy,Unconventional,Like,Dislike,Active,Bohemian,Bold,Business,Casual,Chic,Classic,Colorful,Comfortable,Contemporary,Designer,Eclectic,Fantasy,Feminine,Form-fitting,Formal,Goth,Loose-fit,Luxury,Minimalistic,Modest,Monochrome,Party,Playful,Romantic,Sexy,Unconventional,Like,Dislike,Active,Bohemian,Bold,Business,Casual,Chic,Classic,Colorful,Comfortable,Contemporary,Designer,Eclectic,Fantasy,Feminine,Form-fitting,Formal,Goth,Loose-fit,Luxury,Minimalistic,Modest,Monochrome,Party,Playful,Romantic,Sexy,Unconventional,Like,Dislike,Active,Bohemian,Bold,Business,Casual,Chic,Classic,Colorful,Comfortable,Contemporary,Designer,Eclectic,Fantasy,Feminine,Form-fitting,Formal,Goth,Loose-fit,Luxury,Minimalistic,Modest,Monochrome,Party,Playful,Romantic,Sexy,Unconventional,Like,Dislike,Active,Bohemian,Bold,Business,Casual,Chic,Classic,Colorful,Comfortable,Contemporary,Designer,Eclectic,Fantasy,Feminine,Form-fitting,Formal,Goth,Loose-fit,Luxury,Minimalistic,Modest,Monochrome,Party,Playful,Romantic,Sexy,Unconventional,Like,Dislike,Active,Bohemian,Bold,Business,Casual,Chic,Classic,Colorful,Comfortable,Contemporary,Designer,Eclectic,Fantasy,Feminine,Form-fitting,Formal,Goth,Loose-fit,Luxury,Minimalistic,Modest,Monochrome,Party,Playful,Romantic,Sexy,Unconventional,Like,Dislike,Active,Bohemian,Bold,Business,Casual,Chic,Classic,Colorful,Comfortable,Contemporary,Designer,Eclectic,Fantasy,Feminine,Form-fitting,Formal,Goth,Loose-fit,Luxury,Minimalistic,Modest,Monochrome,Party,Playful,Romantic,Sexy,Unconventional,Like,Dislike,Active,Bohemian,Bold,Business,Casual,Chic,Classic,Colorful,Comfortable,Contemporary,Designer,Eclectic,Fantasy,Feminine,Form-fitting,Formal,Goth,Loose-fit,Luxury,Minimalistic,Modest,Monochrome,Party,Playful,Romantic,Sexy,Unconventional,Like,Dislike,Active,Bohemian,Bold,Business,Casual,Chic,Classic,Colorful,Comfortable,Contemporary,Designer,Eclectic,Fantasy,Feminine,Form-fitting,Formal,Goth,Loose-fit,Luxury,Minimalistic,Modest,Monochrome,Party,Playful,Romantic,Sexy,Unconventional,Like,Dislike,Active,Bohemian,Bold,Business,Casual,Chic,Classic,Colorful,Comfortable,Contemporary,Designer,Eclectic,Fantasy,Feminine,Form-fitting,Formal,Goth,Loose-fit,Luxury,Minimalistic,Modest,Monochrome,Party,Playful,Romantic,Sexy,Unconventional,Like,Dislike,Active,Bohemian,Bold,Business,Casual,Chic,Classic,Colorful,Comfortable,Contemporary,Designer,Eclectic,Fantasy,Feminine,Form-fitting,Formal,Goth,Loose-fit,Luxury,Minimalistic,Modest,Monochrome,Party,Playful,Romantic,Sexy,Unconventional,Like,Dislike,Active,Bohemian,Bold,Business,Casual,Chic,Classic,Colorful,Comfortable,Contemporary,Designer,Eclectic,Fantasy,Feminine,Form-fitting,Formal,Goth,Loose-fit,Luxury,Minimalistic,Modest,Monochrome,Party,Playful,Romantic,Sexy,Unconventional,Like,Dislike,Active,Bohemian,Bold,Business,Casual,Chic,Classic,Colorful,Comfortable,Contemporary,Designer,Eclectic,Fantasy,Feminine,Form-fitting,Formal,Goth,Loose-fit,Luxury,Minimalistic,Modest,Monochrome,Party,Playful,Romantic,Sexy,Unconventional,Like,Dislike,Active,Bohemian,Bold,Business,Casual,Chic,Classic,Colorful,Comfortable,Contemporary,Designer,Eclectic,Fantasy,Feminine,Form-fitting,Formal,Goth,Loose-fit,Luxury,Minimalistic,Modest,Monochrome,Party,Playful,Romantic,Sexy,Unconventional,Like,Dislike
13264663777,413629482,01/17/2022 09:41:12 AM,01/17/2022 09:55:54 AM,,,,,,25,Village,Oisterwijk,Work,4,1,2,3,5,,,36,38,,,,,,,,,4,2,3,5,5,1,5,2,4,5,3,2,4,4,2,,,,,Casual,Chic,,,,,,,,,,,,,,Minimalistic,,,,,,,,Like,,,,,,,,,,,,,,,Feminine,Form-fitting,,,,,,,Monochrome,Party,,,Sexy,,,Dislike,,,Bold,,,,,,,Contemporary,,,,Feminine,,,,,,,,Monochrome,,,,,Unconventional,,Dislike,,Bohemian,,,,,,Colorful,,,,Eclectic,,,,,,,,,,,,,,,,,Dislike,,,Bold,,,,,,,Contemporary,,,,,Form-fitting,,,,,,,Monochrome,,,,,Unconventional,,Dislike,,,,,Casual,Chic,,,,,,,,Feminine,,,,,,,,,,Playful,Romantic,,,Like,,,,,,,,,,Comfortable,Contemporary,,,,,,,,,,,,,,Playful,,,,Like,,,,,,,,Classic,Colorful,,,,,,,,Formal,,,,,Modest,,,,,,,,Dislike,,,,,Casual,Chic,,,,Contemporary,,,,,,Formal,,,,,Modest,,,,,,,,Dislike,,,,,Casual,,Classic,,Comfortable,,,,,,,Formal,,,,,,Monochrome,,,,,,Like,,,,,,Casual,,,,Comfortable,,,,,,,,,Loose-fit,,,,Monochrome,,,,,,Like,,,,,,Casual,,,,,,,,,,,Formal,,Loose-fit,,,,,,,,,,Like,,,,,,,Chic,Classic,,,Contemporary,,,,Feminine,,,,,,,,,,Playful,,,,Like,,,,,,,,Classic,,Comfortable,,,,,,,,,Loose-fit,,,,,,,,,,Like,,,,,,Casual,,Classic,,Comfortable,,,,,,,,,,,Minimalistic,,,,,,,,Like,,,,,,,,Classic,,,,,,,,,Formal,,,,,,,,,Romantic,,,,Dislike,,,,,Casual,Chic,,,,Contemporary,,,,Feminine,,,,,,,,,,,Romantic,,,Like,,,,,,Casual,Chic,,,,,,,,,,,,,,,,Monochrome,,Playful,Romantic,,,Like,,,,Bold,,Casual,,,,Comfortable,,,,,,,,,Loose-fit,,,,,,,,,,,Dislike,,,,,,Chic,,,,Contemporary,,,,Feminine,,,,,,,,,,,Romantic,Sexy,,Like,,,,,,,,,Colorful,,Contemporary,,,,,,,,Loose-fit,,,Modest,,,,,,,,Dislike,,,,,,,,,,,,,,Feminine,,,,,,,,Monochrome,,Playful,,Sexy,Unconventional,Like,,,,,,Casual,,Classic,,,,,,,,,,,,,,Modest,Monochrome,,,,,,,Dislike,Active,,,,Casual,,,Colorful,,,,,,,,,,Loose-fit,,,,,,,,,,,Dislike,Active,,,,,,,Colorful,Comfortable,,,,,,,,,Loose-fit,,,,,,,,,,,Dislike
13263750995,413629482,01/16/2022 07:32:04 PM,01/16/2022 07:48:45 PM,,,,,,23,City,Breda,Student,5,3,4,2,1,,,36,,,,,,,,,,1,2,5,3,6,1,0,6,2,2,6,6,3,1,5,,,,,Casual,,,,Comfortable,,,,,,,Formal,,,,,,,,,,,,Like,,,,,,,,,,,,,,,Feminine,Form-fitting,,,,,,,,,,,Sexy,,,Dislike,,Bohemian,,,,,,,,Contemporary,,,,,,,,,,,,Monochrome,,,,,Unconventional,Like,,,Bohemian,,,,,,Colorful,,,,Eclectic,,Feminine,,,,,,,,,,,,,,,Dislike,,,Bold,,,,,,,,,,,,,,,,,,,Monochrome,,,,,Unconventional,,Dislike,,,,,Casual,Chic,,,,,,,,Feminine,,,,,,,,,,Playful,Romantic,,,Like,,,,,,,,,,Comfortable,Contemporary,,Eclectic,,,,,,,,,,,,,,,Unconventional,Like,,,,Bold,,,,,Colorful,,,,Eclectic,,,,,,,,,,,,,,,Unconventional,,Dislike,,,,,,Chic,Classic,,,,,,,,,Formal,,,,,Modest,,,,,,,,Dislike,,,,,Casual,,Classic,,,,,,,,,,,,,,,Monochrome,,,,,,,Dislike,,,,,,,,,Comfortable,,,,,,,,,,,,Modest,Monochrome,,,,,,,Dislike,,,,,Casual,,,,,,,,,,,Formal,,,,,Modest,Monochrome,,,,,,,Dislike,,,,,Casual,Chic,,,,Contemporary,,,,Feminine,,,,,,,,,,Playful,,,,Like,,,,,,Casual,,Classic,,,,,,,,,,,Loose-fit,,,,Monochrome,,,,,,,Dislike,,,,,Casual,,Classic,,,,,,,,,,,,,Minimalistic,,Monochrome,,,,,,Like,,,,,,,,,,,,,,,Feminine,,,,,,,,,,Playful,Romantic,,,,Dislike,,,,Business,Casual,Chic,,,,,,,,Feminine,,,,,,,,,,,,,,Like,,,,,,,Chic,,,,,,,,,,,,,,,,Monochrome,,Playful,Romantic,,,,Dislike,,Bohemian,,,,,,,Comfortable,,,,,,,,,Loose-fit,,,,,,,,,,Like,,,,,,,Chic,,,,,,,,Feminine,,,,,,,,,Party,,,Sexy,,Like,,,,Bold,,,,,Colorful,,Contemporary,,,,,,,,,,,,,,,,,,Like,,,,,,,,,,,,,,,Feminine,,,,,,Minimalistic,,,,,,Sexy,,Like,,,,,,Casual,,,,,,,,,,,,,Loose-fit,,Minimalistic,,,,,,,,,Dislike,Active,,,,Casual,,Classic,,,,,,,,,,,,,,,,,,,,,,Dislike,Active,,,,Casual,,,,Comfortable,,,,,,,,,Loose-fit,,,,,,,,,,,Dislike
13263613156,413629482,01/16/2022 05:26:19 PM,01/16/2022 05:40:27 PM,,,,,,30,"Both (part-time village, part-time city)",Amsterdam,Student,1,2,3,5,4,,,36,38,,,,,,,,,5,5,6,7,1,1,7,0,6,3,5,0,6,1,0,,,,Business,,,,,,,,,,Feminine,,,,Loose-fit,,,,,,,,,,Like,,,,,,,Chic,,,,,,,,,Form-fitting,,,,,,,,,,,Sexy,,,Dislike,,,,,,,,,,Contemporary,,,,,,,,,Luxury,,,,,,,,,,Dislike,Active,,Bold,,,Chic,,,,,,,,,,,,,,,,,,,,,,,Dislike,,,,,,,,,Comfortable,,,,,,,,,,,,Modest,Monochrome,,,,,,Like,,,,,,,Chic,,,Comfortable,,,,,,,,,,,,,,,,Romantic,,,,Dislike,,,,,,,,,Comfortable,,,Eclectic,,,,,,,,,,,Party,,,,,Like,,,,,,,,,Colorful,,,,,,,,,,,,,,,,Playful,,,Unconventional,Like,,,,,,,,,,Comfortable,Contemporary,,,,,,,,Loose-fit,,,,,,,,,,Like,,Active,,,,,,,,,,,,,,,,,,,Minimalistic,,Monochrome,,,,,,Like,,,,,,,,,,,,,,,,,,,Loose-fit,,Minimalistic,Modest,,,,,,,Like,,Active,,,,,,,,,,,,,,,,,,,,,,,,,Sexy,,,Dislike,,,,,,,,,,,Designer,,,,,,,Loose-fit,,,,Monochrome,,,,Sexy,,Like,,Active,,,,Casual,,Classic,,Comfortable,,,,,,,,,,,,,,,,,,,Like,,Active,,,,,,,,Comfortable,,,,,,,,,Loose-fit,,Minimalistic,,,,,,,,Like,,Active,,,,Casual,,,,,,,,,Feminine,,,,,,,,,,,,,,,Dislike,,,,,,,,,,Contemporary,,,,,,,,,,Minimalistic,,Monochrome,Party,,Romantic,,,,Dislike,,,,,,Chic,Classic,,,,Designer,,,,,,,,Luxury,,,,,,,,,,Dislike,Active,,,,,,,,,,,,Fantasy,,,,,Loose-fit,,,,,,,,,,Like,,,,,,,,,,,,Designer,,,,,,,,Luxury,,,,Party,,Romantic,Sexy,,,Dislike,,,,,,,Classic,Colorful,Comfortable,,,,,Feminine,,,,Loose-fit,,,,,,,,,,Like,,,,,,,,,,,,Designer,,,,,,,,,,,Monochrome,Party,,Romantic,Sexy,,,Dislike,,,,,,,,,,,,,,Feminine,Form-fitting,,,,,,,,Party,,Romantic,,,,Dislike,Active,,,,,,Classic,,,,,,,Feminine,Form-fitting,,,,,,,,,,,,,,Dislike,Active,,,,Casual,,,Colorful,,,,,,,,,,,,Minimalistic,,,,,,,,Like,
13249068738,413629482,01/10/2022 10:40:08 AM,01/10/2022 10:48:57 AM,,,,,,22,Village,"Dongen, NL",Student,3,1,5,2,4,,,36,,,,,,,,,,5,4,2,4,6,2,2,3,6,5,4,5,4,5,3,,,,,,,,,,,,,,,,,,,,,,,,,,,,,,,,,,,,,,,,,,,,,,,,,,,,,,,,,,,,,,,,,,,,,,,,,,,,,,,,,,,,,,,,,,,,,,,,,,,,,,,,,,,,,,,,,,,,,,,,,,,,,,,,,,,,,,,,,,,,,,,,,,,,,,,,,,,,,,,,,,,,,,,,,,,,,,,,,,,,,,,,,,,,,,,,,,,,,,,,,,,,,,,,,,,,,,,,,,,,,,,,,,,,,,,,,,,,,,,,,,,,,,,,,,,,,,,,,,,,,,,,,,,,,,,,,,,,,,,,,,,,,,,,,,,,,,,,,,,,,,,,,,,,,,,,,,,,,,,,,,,,,,,,,,,,,,,,,,,,,,,,,,,,,,,,,,,,,,,,,,,,,,,,,,,,,,,,,,,,,,,,,,,,,,,,,,,,,,,,,,,,,,,,,,,,,,,,,,,,,,,,,,,,,,,,,,,,,,,,,,,,,,,,,,,,,,,,,,,,,,,,,,,,,,,,,,,,,,,,,,,,,,,,,,,,,,,,,,,,,,,,,,,,,,,,,,,,,,,,,,,,,,,,,,,,,,,,,,,,,,,,,,,,,,,,,,,,,,,,,,,,,,,,,,,,,,,,,,,,,,,,,,,,,,,,,,,,,,,,,,,,,,,,,,,,,,,,,,,,,,,,,,,,,,,,,,,,,,,,,,,,,,,,,,,,,,,,,,,,,,,,,,,,,,,,,,,,,,,,,,,,,,,,,,,,,,,,,,,,,,,,,,,,,,,,,,,,,,,,,,,,,
13244840492,413629482,01/07/2022 01:52:28 PM,01/07/2022 03:11:46 PM,,,,,,22,City,Breda,Student,1,3,2,4,5,,,,38,,,,,,,,,2,2,7,2,4,1,2,2,3,3,5,4,2,6,3,Active,,,,,,,,Comfortable,,,,,,,,,Loose-fit,,,,,,,,,,,Dislike,,,,,,,,,,,,,,Feminine,Form-fitting,,,,Luxury,,,,,,Romantic,Sexy,,Like,,,,,,Casual,,,,Comfortable,,,,,,,,,Loose-fit,,,Modest,,,Playful,,,,Like,,,,,Business,Casual,,,,,,Designer,,,,,,,Loose-fit,Luxury,,,,,,,,,Like,,,,,,,,,,Comfortable,,,,,,Form-fitting,,,,,,,,,Playful,,,,Like,,,,,,Casual,Chic,,,,,,,,Feminine,Form-fitting,,,,,,,,,Playful,,,,Like,,,,,,,,,Colorful,Comfortable,,,,,,,Formal,,Loose-fit,,,,,,,,,,Like,,,,,,Casual,,,Colorful,,,,,,,Form-fitting,,,,,,,,,,,,,,Dislike,,,,Business,,Chic,Classic,,,,Designer,,,,,,,Loose-fit,,,,,,,,,,Like,,Active,,,,,,,,Comfortable,Contemporary,,,,,,,,,,,,,,,,,,,Dislike,,,,,,,,,Comfortable,Contemporary,,,,,,,,Loose-fit,,,,,,,,,,Like,,Active,,,,,,,,Comfortable,Contemporary,,,,,,,,Loose-fit,,Minimalistic,,,,,,,,Like,,,,,,Casual,,Classic,,,,,,,Feminine,,,,Loose-fit,,,,,,,,Sexy,,Like,,,,,,Casual,,,Colorful,,Contemporary,,,,,,,,,,,Modest,,,,,,,Like,,Active,,,,,,,,Comfortable,,,,,,,,,,,Minimalistic,,,,,,,,,Dislike,,,,Business,,,,,Comfortable,,,,,,,,,,,Minimalistic,,,,,,,,,Dislike,,,,Business,Casual,Chic,,,,,,,,Feminine,,,,,,,Modest,,,,,,,Like,,,,,Business,Casual,Chic,,,,,,,,,,,,,,,,,,,,,,,Dislike,Active,,,,,,,Colorful,Comfortable,,,,,,,,,Loose-fit,,,,,,Playful,,,,Like,,,,,,,,,,,,,,,Feminine,Form-fitting,,,,,,,,Party,Playful,Romantic,,,Like,,,,,,Casual,,,Colorful,,,,,,Feminine,,,,Loose-fit,,,,,,Playful,,,,,Dislike,,,,,,Chic,,,,,,,,Feminine,Form-fitting,,,,,,,,,,Romantic,Sexy,,Like,,,,,,Casual,,,,Comfortable,,,,,Feminine,,,,,,Minimalistic,,,,,,,,,Dislike,Active,,,,,,,,Comfortable,,,,,Feminine,,,,,,,,,,,,,,Like,,Active,,,,,,,,Comfortable,,,,,,Form-fitting,,,,,,,,,,,,,Like,
13244520859,413629482,01/07/2022 09:28:50 AM,01/07/2022 09:41:25 AM,,,,,,28,City,Almere,Work,4,2,5,1,3,,,,,40,,,,,,,,3,1,7,4,3,0,4,0,5,3,6,4,4,7,1,,,,,Casual,,,,Comfortable,,,,,,,,,Loose-fit,,,,,,,,,,Like,,,,,,,Chic,,,,,,,,,Form-fitting,,,,,Minimalistic,,,Party,,,Sexy,,,Dislike,,,,,Casual,Chic,,,Comfortable,,,,,,,,,,,,,Monochrome,,Playful,,,,Like,,,,,,Casual,,,Colorful,,Contemporary,,,,Feminine,,Formal,,,,,,,,,,,,Like,,,,Bold,,,Chic,,,,,,,,,Form-fitting,,,,,,Modest,Monochrome,,,,,,,Dislike,,,,,Casual,,Classic,,,,,,,Feminine,Form-fitting,,,,,,,,,,,,,,Dislike,,,Bold,,Casual,,,,,,,,,,,,,,,,Modest,,,,,,,,Dislike,,,Bold,,,,,Colorful,Comfortable,,,,,,,,,,,,,,,Playful,,,,,Dislike,,,,,,Chic,,,Comfortable,Contemporary,,,,Feminine,,Formal,,,,,,,,,,,,,Dislike,Active,,,,,,,,,,,,,,,,,Loose-fit,,Minimalistic,Modest,,,,,,,,Dislike,,,,,,Chic,,,Comfortable,,,,,,,,,Loose-fit,,,Modest,,,,,,,Like,,Active,,,,,,,,Comfortable,,,,,,,Formal,,,,,Modest,,,,,,,Like,,,,,,,Chic,,,,,,,,Feminine,,,,,,,,Monochrome,Party,,,Sexy,,Like,,Active,,,,Casual,,,,Comfortable,,,,,,,,,Loose-fit,,,Modest,,,,,,,Like,,Active,,,,Casual,,Classic,,,,,,,,,,,,,,,Monochrome,,,,,,Like,,,,,,Casual,,Classic,,,,,,,,,,,Loose-fit,,,,Monochrome,,,,,,,Dislike,,,,,,Chic,Classic,,,,Designer,,,,,,,,Luxury,,,,Party,,,,,Like,,,,,,,Chic,,,,,,,,Feminine,,Formal,,,,,Modest,,Party,,,,,,Dislike,,,,,Casual,,,,Comfortable,,,,Fantasy,,,,,Loose-fit,,,Modest,,,,,,,Like,,,,,,,Chic,Classic,,,,,,,Feminine,,,,,Luxury,,,,Party,,,,,Like,,,,,Business,Casual,Chic,,Colorful,,,,,,,,,,Loose-fit,,,,,,,,,,Like,,,,,,,Chic,Classic,,,,,,,,,,,,Luxury,,,,Party,,Romantic,,,Like,,,,,,Casual,Chic,,,,,,,,Feminine,Form-fitting,,,,,,,,Party,,,,,,Dislike,Active,,,,,,,,Comfortable,,,,,,,,,,,,,,,Playful,,Sexy,,Like,,Active,,,,Casual,,,,Comfortable,,,,,,Form-fitting,,,,,,,,,,,,,Like,
13241149237,413629482,01/05/2022 10:34:16 PM,01/05/2022 10:36:19 PM,,,,,,22,City,Amsterdam ,Student,1,3,2,5,4,,,36,,,,,,,,,,,,,,,,,,,,,,,,,,,,,,,,,,,,,,,,,,,,,,,,,,,,,,,,,,,,,,,,,,,,,,,,,,,,,,,,,,,,,,,,,,,,,,,,,,,,,,,,,,,,,,,,,,,,,,,,,,,,,,,,,,,,,,,,,,,,,,,,,,,,,,,,,,,,,,,,,,,,,,,,,,,,,,,,,,,,,,,,,,,,,,,,,,,,,,,,,,,,,,,,,,,,,,,,,,,,,,,,,,,,,,,,,,,,,,,,,,,,,,,,,,,,,,,,,,,,,,,,,,,,,,,,,,,,,,,,,,,,,,,,,,,,,,,,,,,,,,,,,,,,,,,,,,,,,,,,,,,,,,,,,,,,,,,,,,,,,,,,,,,,,,,,,,,,,,,,,,,,,,,,,,,,,,,,,,,,,,,,,,,,,,,,,,,,,,,,,,,,,,,,,,,,,,,,,,,,,,,,,,,,,,,,,,,,,,,,,,,,,,,,,,,,,,,,,,,,,,,,,,,,,,,,,,,,,,,,,,,,,,,,,,,,,,,,,,,,,,,,,,,,,,,,,,,,,,,,,,,,,,,,,,,,,,,,,,,,,,,,,,,,,,,,,,,,,,,,,,,,,,,,,,,,,,,,,,,,,,,,,,,,,,,,,,,,,,,,,,,,,,,,,,,,,,,,,,,,,,,,,,,,,,,,,,,,,,,,,,,,,,,,,,,,,,,,,,,,,,,,,,,,,,,,,,,,,,,,,,,,,,,,,,,,,,,,,,,,,,,,,,,,,,,,,,,,,,,,,,,,,,,,,,,,,,,,,,,,,,,,,,,,,
13240718620,413629482,01/05/2022 06:57:27 PM,01/05/2022 07:12:04 PM,,,,,,23,City,Tilburg,Student,4,1,5,2,3,,,,38,,,,,,,,,2,2,4,3,6,3,3,4,4,3,6,5,4,6,4,,,,,Casual,,,,,,,,,,,,,,,,,,,,,,,,Dislike,,,,,,,,,,,,,,,,,,,,,,,,,Romantic,,,,Dislike,,,,,,,,,,,,,,,,,,,,,Modest,,,,,,,Like,,,,,Business,,,,,,,,,,,,,,,,,,,,,,,,,Dislike,,,,,,,,,,,,,,,,,,,,,,,Party,,,,,Like,,,,,,,,,,,,,,,Feminine,,,,,,,,,,,,,,,Dislike,,,,,Casual,,,,,,,,,,,,,,,,,,,,,,,,Dislike,,,,,,,,,,,,,,,,,,,,,,,,Playful,,,,,Dislike,,,,,,,,,,,,,,,,,,,Luxury,,,,,,,,,,Dislike,,,,,,,Classic,,,,,,,,,,,,,,,,,,,,,Like,,,Bohemian,,,,,,,,,,,,,,,,,,,,,,,,,,Like,,,,,,,,,,Comfortable,,,,,,,,,,,,,,,,,,,,Dislike,,,,,,,,,,,,,,,,,,,,,,,Party,,,,,,Dislike,,,,,,,,,,,,,,,,,,,,,Modest,,,Playful,,,,Like,,Active,,,Business,,,,,,,,,,,,,,,,,,,,,,,,,Dislike,,,,,,Chic,,,,,,,,,,Formal,,,,,,,,,,,,,Dislike,,,,,,,,,,,,,,,,,,,,,,,Party,Playful,,Sexy,,Like,,,,,Business,,Chic,Classic,,,,,,,,,,,,,,,,,,,,,Like,,Active,,,,,,,,,,,,,,,,,Loose-fit,,,,,,,,,,,Dislike,,,,,,,,,,,,,,,,,,,Luxury,,,,,,Romantic,,,,Dislike,,,,,,,,Colorful,Comfortable,,,,,Feminine,,,,,,,,,,,,,,Like,,,,,,,,,,,,,,,Feminine,,,,,,,,,,Playful,Romantic,,,,Dislike,,,,,,,,,Comfortable,,,,,,,,,,,,Modest,,,,,,,,Dislike,Active,,,,Casual,,,,,,,,,,,,,,,,,,,,,,,,Dislike,Active,,,,,,,,Comfortable,,,,,,,,,,,,,,,,,,,Like,
13240463751,413629482,01/05/2022 05:05:02 PM,01/05/2022 06:06:07 PM,,,,,,26,City,Almere,Work,2,3,5,4,1,,,,38,,,,,,,,,5,5,7,4,4,2,4,3,4,4,3,6,2,4,3,,Bohemian,,,,,,,Comfortable,,,,,,,,,Loose-fit,,,Modest,Monochrome,,,,,,,Dislike,,,,,Casual,,,,,,,,,Feminine,Form-fitting,,,,,,,,Party,,,Sexy,,,Dislike,,,Bold,,Casual,Chic,,,Comfortable,,,,,Feminine,,,,,,,,,,,,,,Like,,,,Bold,Business,Casual,Chic,,,,,,,,,,,,Loose-fit,,,,,,,,,,Like,,,,Bold,,Casual,,,,,,,,,Feminine,,,,,,,,Monochrome,,,,,Unconventional,Like,,,,,,Casual,,,,,,,,,,Form-fitting,,,,,,,,Party,,Romantic,Sexy,,,Dislike,,,Bold,,Casual,,,Colorful,Comfortable,,,,,,,,,Loose-fit,,,,,,,,,,Like,,,,,,Casual,,,Colorful,Comfortable,,,,,Feminine,,,,,,,,,,Playful,,,,,Dislike,,,,Business,,Chic,,,,,,,,,,Formal,,,,,Modest,Monochrome,,,,,,Like,,Active,,,,Casual,,,,,,,,,,,,,,,,,,,Playful,,,,,Dislike,,,,,,Chic,,,Comfortable,,,,,,,,,Loose-fit,,,Modest,Monochrome,,,,,,Like,,,,,Business,,Chic,,,,,,,,,,,,Loose-fit,,,,Monochrome,,,,,,Like,,,,,,Casual,Chic,,,,,,,,,,,,Loose-fit,,Minimalistic,,,,,,Sexy,,,Dislike,,,,Business,Casual,Chic,,,,,,,,,,,,,,,,Monochrome,,,,,,Like,,,,,,Casual,Chic,,,,,,,,,,,,,,,,,,Playful,,,,,Dislike,,,,Business,,Chic,,,,,,,,,,Formal,,,,,,Monochrome,,,,,,Like,,,,,Business,Casual,Chic,Classic,,,,,,,,,,,,,,,,,,Romantic,,,Like,,,,,Business,Casual,,,,,,,,,,,Formal,,,,,,,,,Romantic,,,Like,,Active,,,,Casual,,,,,,,,,,,,,Loose-fit,,,,,,Playful,,,,Like,,,,,,,Chic,,,,,,,,,Form-fitting,,,,,,,,Party,,Romantic,Sexy,,Like,,,,,Business,,,,Colorful,,,,,,,,,,,,,,,,Playful,Romantic,,,Like,,,,,,,Chic,Classic,,,,,,,,Form-fitting,,,,,,,,,,Romantic,Sexy,,Like,,,,,,,Chic,,,,,,,,Feminine,,,,,,,,Monochrome,,,Romantic,,,Like,,Active,,,,Casual,,,,,,,,,,,,,,,,,,,Playful,,,,,Dislike,Active,,,,,,,,,,,,,,,,,,,,,,,Playful,,,,Like,
13240304890,413629482,01/05/2022 03:51:57 PM,01/05/2022 03:52:48 PM,,,,,,25,City,Breda,Student,3,1,5,4,2,,,36,,,,,,,,,,,,,,,,,,,,,,,,,,,,,,,,,,,,,,,,,,,,,,,,,,,,,,,,,,,,,,,,,,,,,,,,,,,,,,,,,,,,,,,,,,,,,,,,,,,,,,,,,,,,,,,,,,,,,,,,,,,,,,,,,,,,,,,,,,,,,,,,,,,,,,,,,,,,,,,,,,,,,,,,,,,,,,,,,,,,,,,,,,,,,,,,,,,,,,,,,,,,,,,,,,,,,,,,,,,,,,,,,,,,,,,,,,,,,,,,,,,,,,,,,,,,,,,,,,,,,,,,,,,,,,,,,,,,,,,,,,,,,,,,,,,,,,,,,,,,,,,,,,,,,,,,,,,,,,,,,,,,,,,,,,,,,,,,,,,,,,,,,,,,,,,,,,,,,,,,,,,,,,,,,,,,,,,,,,,,,,,,,,,,,,,,,,,,,,,,,,,,,,,,,,,,,,,,,,,,,,,,,,,,,,,,,,,,,,,,,,,,,,,,,,,,,,,,,,,,,,,,,,,,,,,,,,,,,,,,,,,,,,,,,,,,,,,,,,,,,,,,,,,,,,,,,,,,,,,,,,,,,,,,,,,,,,,,,,,,,,,,,,,,,,,,,,,,,,,,,,,,,,,,,,,,,,,,,,,,,,,,,,,,,,,,,,,,,,,,,,,,,,,,,,,,,,,,,,,,,,,,,,,,,,,,,,,,,,,,,,,,,,,,,,,,,,,,,,,,,,,,,,,,,,,,,,,,,,,,,,,,,,,,,,,,,,,,,,,,,,,,,,,,,,,,,,,,,,,,,,,,,,,,,,,,,,,,,,,,,,,,,,,,,
13240301382,413629482,01/05/2022 03:50:14 PM,01/05/2022 03:51:41 PM,,,,,,25,City,Breda,Student,3,1,5,4,2,,,36,,,,,,,,,,,,,,,,,,,,,,,,,,,,,,,,,,,,,,,,,,,,,,,,,,,,,,,,,,,,,,,,,,,,,,,,,,,,,,,,,,,,,,,,,,,,,,,,,,,,,,,,,,,,,,,,,,,,,,,,,,,,,,,,,,,,,,,,,,,,,,,,,,,,,,,,,,,,,,,,,,,,,,,,,,,,,,,,,,,,,,,,,,,,,,,,,,,,,,,,,,,,,,,,,,,,,,,,,,,,,,,,,,,,,,,,,,,,,,,,,,,,,,,,,,,,,,,,,,,,,,,,,,,,,,,,,,,,,,,,,,,,,,,,,,,,,,,,,,,,,,,,,,,,,,,,,,,,,,,,,,,,,,,,,,,,,,,,,,,,,,,,,,,,,,,,,,,,,,,,,,,,,,,,,,,,,,,,,,,,,,,,,,,,,,,,,,,,,,,,,,,,,,,,,,,,,,,,,,,,,,,,,,,,,,,,,,,,,,,,,,,,,,,,,,,,,,,,,,,,,,,,,,,,,,,,,,,,,,,,,,,,,,,,,,,,,,,,,,,,,,,,,,,,,,,,,,,,,,,,,,,,,,,,,,,,,,,,,,,,,,,,,,,,,,,,,,,,,,,,,,,,,,,,,,,,,,,,,,,,,,,,,,,,,,,,,,,,,,,,,,,,,,,,,,,,,,,,,,,,,,,,,,,,,,,,,,,,,,,,,,,,,,,,,,,,,,,,,,,,,,,,,,,,,,,,,,,,,,,,,,,,,,,,,,,,,,,,,,,,,,,,,,,,,,,,,,,,,,,,,,,,,,,,,,,,,,,,,,,,,,,,,,,,,
13239966016,413629482,01/05/2022 12:40:50 PM,01/05/2022 12:53:07 PM,,,,,,23,City,Utrecht,Student,3,2,4,1,5,,34,,,,,,,,,,,5,2,5,6,4,1,0,0,6,3,6,5,4,6,6,,,,,Casual,,,,,,,,,,,,,,,,,,,,,,,Like,,,,,,,,,,,,,,,Feminine,,,,,,,,,,,,,,Like,,,,,,,,,,,,,,,,,,,,,,,,,Playful,,,,Like,,,,,,Casual,Chic,,Colorful,,,,,,,,,,,,,,,,,,,,,Dislike,,,,,Casual,,,,Comfortable,,,,,,,,,,,,,,,Playful,,,,Like,,,Bohemian,,,,,,,,,,,Fantasy,Feminine,,,,,,,,,,,,,,,Dislike,,,,,,,,,Comfortable,,,,,,,,,,,,,,,Playful,,,,,Dislike,,,,,Casual,,,Colorful,,,,,,,,,,,,,,,,,,,,,Dislike,,,,,,Chic,Classic,,,,,,,,,,,Loose-fit,,,,,,,,,,,Dislike,,,,,Casual,,,,,,,,,,,,,,,Minimalistic,,,,,,,,,Dislike,,,,,Casual,,,Colorful,Comfortable,,,,,,,,,,,,,,,,,,,,Dislike,,,,,,,Classic,,,,,,,,,Formal,,,,,,,,,,,,,Dislike,,,,,,Chic,,,,,,,,Feminine,,,,Loose-fit,,,,,,,,,,Like,,,,,,Casual,,,,,,,,,,,,,,,,,,,Playful,,,,,Dislike,,,,,Casual,,,,,,,,,,,,,,,Minimalistic,,,,,,,,,Dislike,,,,,,,Classic,,,,,,,,,Formal,,,,,,Monochrome,,,,,,,Dislike,,,,,,Chic,,,,,,,,Feminine,,,,,,Minimalistic,,,,,,,,Like,,,,,,,,,,,,,,,Feminine,,,,,,,,,,Playful,,,,Like,,Active,,,,Casual,,,,,,,,,,,,,Loose-fit,,,,,,,,,,,Dislike,,,,,,,,,,,,,,Feminine,,,,,,,,,Party,,,Sexy,,,Dislike,,,,,,,,Colorful,,,,,,,,,,Loose-fit,,,,,,,,,,,Dislike,,,,,,Chic,,,,,,,,Feminine,,,,,,,,,,Playful,,,,Like,,,,,,,,,,,,,,,,,,,,,,,,,Playful,,,,,Dislike,Active,,,,Casual,,,,,,,,,,,,,,,,,,,Playful,,,,,Dislike,,,,,Casual,,,Colorful,,,,,,,,,,,,,,,,Playful,,,,Like,
13239867945,413629482,01/05/2022 11:45:49 AM,01/05/2022 11:52:26 AM,,,,,,21,Village,Ulvenhout,Student,4,3,5,1,2,,,36,38,,,,,,,,,5,2,1,6,6,1,1,1,5,4,3,5,5,5,4,,,,,,,,,,,,,,,,,,,,,,,,,,,,,,,,,,,,,,,,,,,,,,,,,,,,,,,,,,,,,,,,,,,,,,,,,,,,,,,,,,,,,,,,,,,,,,,,,,,,,,,,,,,,,,,,,,,,,,,,,,,,,,,,,,,,,,,,,,,,,,,,,,,,,,,,,,,,,,,,,,,,,,,,,,,,,,,,,,,,,,,,,,,,,,,,,,,,,,,,,,,,,,,,,,,,,,,,,,,,,,,,,,,,,,,,,,,,,,,,,,,,,,,,,,,,,,,,,,,,,,,,,,,,,,,,,,,,,,,,,,,,,,,,,,,,,,,,,,,,,,,,,,,,,,,,,,,,,,,,,,,,,,,,,,,,,,,,,,,,,,,,,,,,,,,,,,,,,,,,,,,,,,,,,,,,,,,,,,,,,,,,,,,,,,,,,,,,,,,,,,,,,,,,,,,,,,,,,,,,,,,,,,,,,,,,,,,,,,,,,,,,,,,,,,,,,,,,,,,,,,,,,,,,,,,,,,,,,,,,,,,,,,,,,,,,,,,,,,,,,,,,,,,,,,,,,,,,,,,,,,,,,,,,,,,,,,,,,,,,,,,,,,,,,,,,,,,,,,,,,,,,,,,,,,,,,,,,,,,,,,,,,,,,,,,,,,,,,,,,,,,,,,,,,,,,,,,,,,,,,,,,,,,,,,,,,,,,,,,,,,,,,,,,,,,,,,,,,,,,,,,,,,,,,,,,,,,,,,,,,,,,,,,,,,,,,,,,,,,,,,,,,,,,,,,,,,,,,,,,,,,,,
13239806794,413629482,01/05/2022 11:08:16 AM,01/05/2022 11:24:52 AM,,,,,,22,"Both (part-time village, part-time city)",Utrecht,Student,5,2,3,1,4,,,,38,40,,,,,,,,5,3,3,5,5,0,1,3,5,2,2,2,1,4,4,,,,,Casual,,,,Comfortable,Contemporary,,,,,,,,Loose-fit,,Minimalistic,,,,,,,,,Dislike,,,Bold,,,,Classic,,,,,,,Feminine,,,,,,,,,Party,,,Sexy,,Like,,,,,,,,Classic,,,,,,,,,,,Loose-fit,Luxury,,,,Party,,,,,Like,,,,,Business,,,Classic,,Comfortable,,,,,,,Formal,,,,,,,,,,,,,Dislike,,,,,,,Classic,,,,,,,,Form-fitting,,,,,,,,Party,,,Sexy,,Like,,,,Bold,,,Chic,Classic,,,,,,,,,,,,,,,,,,,,,,Dislike,,,,,Casual,,Classic,,Comfortable,,,,,,,,,Loose-fit,,,,,,,,,,,Dislike,,,,,Casual,,Classic,Colorful,,,,,,,,,,,,,,,,,,,,,Dislike,,,,Business,,,Classic,,,,,,,,,,,,,,,Monochrome,,Playful,,,,Like,,,,,,Casual,,,,Comfortable,,,,,,,,,,,,,,,,,,,,Dislike,,,,,Casual,,,,Comfortable,,,,,,,,,Loose-fit,,Minimalistic,,Monochrome,,,,,,Like,,,,,Business,Casual,,,,,,,,,,,Formal,,,,Minimalistic,,,,,,,,,Dislike,,,Bold,Business,,,,,,,,,,Feminine,,,,,,,,,,Playful,Romantic,,,Like,,,,,,Casual,,,,Comfortable,,,,,,,,,,,,,Monochrome,,,,,,,Dislike,,,,,Casual,,,,Comfortable,,,,,,Form-fitting,,,,,,,,,,,,,,Dislike,,,,Business,,,,,Comfortable,,,,,Feminine,Form-fitting,,,,,,,,,,,,,,Dislike,,,,Business,,Chic,,,,,,,,Feminine,,Formal,,,,,,,,,,,,Like,,,Bohemian,,Business,,,Classic,,,,,,,,,,,,,,,,,,Romantic,,,Like,,,,,,Casual,,,,Comfortable,,,,Fantasy,,,,Goth,,,,,,,,,,,,Dislike,,,,,,Chic,,,,,,,,,,,,,Luxury,,,,Party,,Romantic,Sexy,,,Dislike,,Bohemian,,,,,Classic,Colorful,,,,,,,,,,,,,,,,Playful,,,,Like,,,,,,,,,,,,,,,Feminine,,,,,,,,,Party,Playful,Romantic,Sexy,,Like,,,,,,Casual,,Classic,,Comfortable,,,,,,,,,,,,,,,Playful,,,,,Dislike,Active,,,,Casual,,,,,,,,,,,,,,,,,,,,,,,,Dislike,Active,,,,Casual,,,Colorful,,,,,,,,,,,,,,,,,,,,Like,
13239762236,413629482,01/05/2022 10:35:39 AM,01/05/2022 10:48:23 AM,,,,,,23,City,Utrecht,Student,4,1,2,3,5,,,36,,,,,,,,,,3,5,2,1,4,1,1,1,4,4,5,5,5,3,2,,,,,Casual,,,,Comfortable,,,,,,,,,Loose-fit,,Minimalistic,,,,,,,,,Dislike,,,Bold,,,,,,,,,,,Feminine,,,,,,,,,,,,Sexy,,Like,,,,Bold,,Casual,,,,,,,,,,,,,Loose-fit,,,,,,,,,,,Dislike,,,,,,,,Colorful,,,Designer,,,,,,,,,,,,,,,,,,Dislike,,,Bold,,,,,,,,,,,,Form-fitting,,,,,,,Monochrome,,,,,,,Dislike,,,,,,,,,Comfortable,,,,,Feminine,Form-fitting,,,,,Minimalistic,,,,,,,,,Dislike,,,Bold,,Casual,,,,,,,,,,,,,Loose-fit,,,,,,,,,,,Dislike,,,Bold,,Casual,,,Colorful,Comfortable,,,,,,,,,,,,,,,,,,,,Dislike,,,,,,,,,,,Designer,,,,,,,,,Minimalistic,,,,,,,Unconventional,,Dislike,,,,,Casual,,Classic,,,,,,,,,,,,,Minimalistic,,,,,,,,,Dislike,,,,,Casual,,,,,,,,,,,,,Loose-fit,,,,,,,,,,,Dislike,,,,Business,,Chic,,,,,,,,,,,,,,Minimalistic,,,,,,,,,Dislike,,,,,,Chic,,,,,,,,,,,,Loose-fit,,Minimalistic,,,Party,,,,,Like,,,,,,Casual,,,,,,,,,,,,,,,Minimalistic,,,,,,,,,Dislike,,,,,Casual,,,,Comfortable,,,,,,,,,,,Minimalistic,,,,,,,,,Dislike,,,,Business,,Chic,,,,,,,,,,,,,,Minimalistic,,Monochrome,,,,,,,Dislike,,,,Business,,Chic,Classic,,,,,,,,,,,,,,,Monochrome,,,Romantic,,,Like,,,,,,,,,,,,,,,,,,,Loose-fit,,Minimalistic,,Monochrome,,,,,,,Dislike,,Bohemian,,,Casual,,,,Comfortable,,,,,,,,,,,,,,,,,,,,Dislike,,,,,,,,,,,,,,Feminine,,,,,,,,,,Playful,,Sexy,,,Dislike,,,,,Casual,,,,,,,,,,,,,Loose-fit,,,,Monochrome,,,,,,,Dislike,,,,,,,,,,,,,,Feminine,,,,,,Minimalistic,,,,,,Sexy,,Like,,,,,,,Chic,Classic,,,,,,,,,,,,Luxury,,,,,,,Sexy,,Like,,,,,,Casual,,,,Comfortable,,,,,,,,,,,,,,,Playful,,,,,Dislike,Active,,,,,,,,,,,,,,,,,,,,,Monochrome,,,,,,,Dislike
13239741363,413629482,01/05/2022 10:16:58 AM,01/05/2022 10:30:54 AM,,,,,,23,"Both (part-time village, part-time city)","Dongen, Utrecht",Student,5,3,2,1,4,,34,,,,,,,,,,,3,2,5,3,3,2,3,0,2,4,6,5,4,4,3,,,,,Casual,,,,Comfortable,,,,,,,,,Loose-fit,,,,,,,,,,Like,,,,,,,,,,,,,,,Feminine,,,,,,Minimalistic,,,,,Romantic,Sexy,,Like,,,,,,,,,,,,Designer,,Fantasy,,,,,,,,,,,Playful,,,,,Dislike,,,,Business,,,,,,,,,,,,Formal,,,Luxury,,,,,,,,,,Dislike,,,Bold,,,,,,,,,Eclectic,,,,,,,,,Modest,,,,,,,,Dislike,,,,,,,,,,,,,,Feminine,Form-fitting,,,,,Minimalistic,,,,,Romantic,,,,Dislike,,,,,Casual,,,,,,,,,,,,,Loose-fit,,,,,,Playful,,,,Like,,,,,,Casual,,,Colorful,Comfortable,,,,,,,,,,,,,,,,,,,,Dislike,,,,,,Chic,,,,,,,,Feminine,,Formal,,,,,,,,,,,,Like,,Active,,,,Casual,,,,Comfortable,,,,,,,,,,,,,,,,,,,,Dislike,,,,,,,,,Comfortable,Contemporary,,,,,,,,Loose-fit,,Minimalistic,,,,,,,,Like,,,,,Business,,,,,,,Designer,,,,,,,,Luxury,,,,,,,,,,Dislike,,,,Business,,Chic,,,,,Designer,,,,,,,,Luxury,,,,,,,,,,Dislike,,,,,Casual,,,,Comfortable,,,,,,,,,,,,,,,,,,,,Dislike,Active,,,,Casual,,,,Comfortable,,,,,,,,,,,,,,,,,,,,Dislike,,,,Business,,,,,,,,,,Feminine,,,,,,,,,,,,,,,Dislike,,,,,,,,,,,,,,,,,,,Luxury,,,,,,Romantic,Sexy,,Like,,,,,,,,,,,,,,Fantasy,Feminine,,,,,,,,,,Playful,,,Unconventional,Like,,,,,,Casual,,,,,,,Eclectic,,,,,,Loose-fit,,,,,,,,,,,Dislike,,,,,,,,,,,,,,,,,,,,,,,,Playful,Romantic,Sexy,Unconventional,,Dislike,,,,,,,,Colorful,,,,,Fantasy,,,,,Loose-fit,,,,,,,,,,,Dislike,,,,,,,,,,,,,,Feminine,,,,,,,,,Party,,Romantic,Sexy,,Like,,,,,,,,Classic,,,,,,,,,Formal,,,,,,,,,,Sexy,,,Dislike,Active,,,,Casual,,,,Comfortable,,,,,,Form-fitting,,,,,,,,,,,,,Like,,Active,,,,Casual,,,,,,Designer,,,,,,,,,,,,,,,,,,Dislike
13239746222,413629482,01/05/2022 10:21:46 AM,01/05/2022 10:25:07 AM,,,,,,24,City,Rotterdam,Work,4,1,5,3,2,32,34,,,,,,,,,,,,,,,,,,,,,,,,,,,,,,,,,,,,,,,,,,,,,,,,,,,,,,,,,,,,,,,,,,,,,,,,,,,,,,,,,,,,,,,,,,,,,,,,,,,,,,,,,,,,,,,,,,,,,,,,,,,,,,,,,,,,,,,,,,,,,,,,,,,,,,,,,,,,,,,,,,,,,,,,,,,,,,,,,,,,,,,,,,,,,,,,,,,,,,,,,,,,,,,,,,,,,,,,,,,,,,,,,,,,,,,,,,,,,,,,,,,,,,,,,,,,,,,,,,,,,,,,,,,,,,,,,,,,,,,,,,,,,,,,,,,,,,,,,,,,,,,,,,,,,,,,,,,,,,,,,,,,,,,,,,,,,,,,,,,,,,,,,,,,,,,,,,,,,,,,,,,,,,,,,,,,,,,,,,,,,,,,,,,,,,,,,,,,,,,,,,,,,,,,,,,,,,,,,,,,,,,,,,,,,,,,,,,,,,,,,,,,,,,,,,,,,,,,,,,,,,,,,,,,,,,,,,,,,,,,,,,,,,,,,,,,,,,,,,,,,,,,,,,,,,,,,,,,,,,,,,,,,,,,,,,,,,,,,,,,,,,,,,,,,,,,,,,,,,,,,,,,,,,,,,,,,,,,,,,,,,,,,,,,,,,,,,,,,,,,,,,,,,,,,,,,,,,,,,,,,,,,,,,,,,,,,,,,,,,,,,,,,,,,,,,,,,,,,,,,,,,,,,,,,,,,,,,,,,,,,,,,,,,,,,,,,,,,,,,,,,,,,,,,,,,,,,,,,,,,,,,,,,,,,,,,,,,,,,,,,,,,,,,,,,
13239743538,413629482,01/05/2022 10:18:44 AM,01/05/2022 10:23:56 AM,,,,,,22,City,Utrecht,Student,5,1,3,2,4,,34,,,,,,,,,,,3,4,4,2,3,2,2,1,2,4,3,4,4,3,3,,,,,,,,,,,,,,,,,,,,,,,,,,,,,,,,,,,,,,,,,,,,,,,,,,,,,,,,,,,,,,,,,,,,,,,,,,,,,,,,,,,,,,,,,,,,,,,,,,,,,,,,,,,,,,,,,,,,,,,,,,,,,,,,,,,,,,,,,,,,,,,,,,,,,,,,,,,,,,,,,,,,,,,,,,,,,,,,,,,,,,,,,,,,,,,,,,,,,,,,,,,,,,,,,,,,,,,,,,,,,,,,,,,,,,,,,,,,,,,,,,,,,,,,,,,,,,,,,,,,,,,,,,,,,,,,,,,,,,,,,,,,,,,,,,,,,,,,,,,,,,,,,,,,,,,,,,,,,,,,,,,,,,,,,,,,,,,,,,,,,,,,,,,,,,,,,,,,,,,,,,,,,,,,,,,,,,,,,,,,,,,,,,,,,,,,,,,,,,,,,,,,,,,,,,,,,,,,,,,,,,,,,,,,,,,,,,,,,,,,,,,,,,,,,,,,,,,,,,,,,,,,,,,,,,,,,,,,,,,,,,,,,,,,,,,,,,,,,,,,,,,,,,,,,,,,,,,,,,,,,,,,,,,,,,,,,,,,,,,,,,,,,,,,,,,,,,,,,,,,,,,,,,,,,,,,,,,,,,,,,,,,,,,,,,,,,,,,,,,,,,,,,,,,,,,,,,,,,,,,,,,,,,,,,,,,,,,,,,,,,,,,,,,,,,,,,,,,,,,,,,,,,,,,,,,,,,,,,,,,,,,,,,,,,,,,,,,,,,,,,,,,,,,,,,,,,,,,,,,,,,,,,
13238520630,413629482,01/04/2022 08:29:25 PM,01/04/2022 08:50:37 PM,,,,,,23,"Both (part-time village, part-time city)","Breda, Dongen",Student,2,3,5,1,4,,,36,38,,,,,,,,,3,6,4,6,2,2,4,4,3,4,3,5,5,3,2,,,,,Casual,,,,Comfortable,,,,,,,,,Loose-fit,,Minimalistic,,,,,,,,Like,,,,,,,,,,,,,,,Feminine,Form-fitting,,,,,,,Monochrome,,Playful,,Sexy,,Like,,,,Bold,,,,,,,,,,,,,,,Loose-fit,,,,,,,,,Unconventional,,Dislike,,,,Business,,Chic,,,,,,Eclectic,,Feminine,,Formal,,,,,,,,,,,,,Dislike,,,Bold,,,,,,,Contemporary,,,,,Form-fitting,,,,,,,Monochrome,,,,,Unconventional,,Dislike,,,,,,,,,,,,,,,Form-fitting,,,,,,,,,Playful,Romantic,Sexy,,Like,,,,,,,,,,Comfortable,,,,,,,,,Loose-fit,,,,,,Playful,,,,Like,,,,,,,,,Colorful,,,,,,,Form-fitting,,,,,,,,,,,,,,Dislike,,,,Business,,Chic,,,,,,,,,,Formal,,,,,Modest,,,,,,,,Dislike,,,,,Casual,,Classic,,,,,,,,,,,,,Minimalistic,Modest,Monochrome,,,,,,Like,,,,,,Casual,,,,Comfortable,,,,,,,,,Loose-fit,,,,Monochrome,,,,,,Like,,,,,,Casual,,,,Comfortable,,,,,,,Formal,,Loose-fit,,,,Monochrome,,,,,,,Dislike,,,,,,,Classic,,,Contemporary,,,,Feminine,,,,Loose-fit,,,,,,,,Sexy,,Like,,,,,,Casual,,,,Comfortable,Contemporary,,,,,,,,Loose-fit,,,,,,,,,,Like,,,,,,Casual,,,,Comfortable,,,,,,,,,,,Minimalistic,,Monochrome,,,,,,Like,,,,,,,Chic,,,,,,,,,,,,,,,Modest,Monochrome,,Playful,,,,,Dislike,,,,,,Chic,,,,,,,,Feminine,,,,,,,,Monochrome,Party,,,,,Like,,,,,,,,,,,,,,,,,,,,,,Modest,Monochrome,,,Romantic,,Unconventional,,Dislike,,,,,,,,,Comfortable,,,,,,,,,Loose-fit,,,,,,,,,,,Dislike,,,,,,Chic,,,,,,,,Feminine,,,,,,,,,Party,Playful,,Sexy,,Like,,,,,,,,,Colorful,,,,,,,,,,Loose-fit,,,Modest,,,Playful,,,,,Dislike,,,,,,Chic,,,,,,,,,,,,,,,,Monochrome,Party,Playful,,,Unconventional,Like,,,,,,Casual,,Classic,,,,,,,,,,,,,,,Monochrome,,,,,,Like,,Active,,,,,,,Colorful,,Contemporary,,,,,,,,,,,,,,Playful,,,,,Dislike,Active,,,,,,,Colorful,Comfortable,Contemporary,,,,,,,,Loose-fit,,,,,,,,,,,Dislike
13238479027,413629482,01/04/2022 08:09:34 PM,01/04/2022 08:24:50 PM,,,,,,23,Village,Rijen,Work,4,2,5,3,1,,,36,,,,,,,,,,5,3,7,3,2,7,2,0,4,7,7,4,2,3,1,,Bohemian,,,Casual,,,,Comfortable,,,,,,,,,Loose-fit,,,,,,,,,,Like,,,,Bold,,,,,,,,,,,Feminine,,,,,,,,,,Playful,,Sexy,,Like,,,Bohemian,,,,,,,,,,,,,,,,,,,,,,Playful,,,,Like,,,,,,,Chic,,Colorful,,,,,,,,,,,Luxury,,,,,,,,,,Dislike,,,,,,Chic,Classic,,,,,,,,Form-fitting,,,,,,,,,,,,,,Dislike,,Bohemian,,,,Chic,,,,,,,,Feminine,,,,,,,Modest,,,,,,,Like,,,,,,Casual,,,Colorful,Comfortable,,,,,,,,,Loose-fit,,,,,,,,,,,Dislike,,,Bold,,Casual,,,Colorful,,,,Eclectic,,,,,,,,,,,,,,,,,Dislike,,Bohemian,,,,,Classic,,,Contemporary,,,,,,,,Loose-fit,,,,,,,,,,,Dislike,,,,,Casual,,Classic,,,,,,,,Form-fitting,,,,,,Modest,,,,,,,,Dislike,,Bohemian,,,Casual,,,,Comfortable,,,,,,,,,Loose-fit,,Minimalistic,,,,,,,,Like,,,,,Business,,,Classic,,,,,,,,,Formal,,,,,,,,,,,,,Dislike,,Bohemian,,,,,Classic,,,,,,,,,,,Loose-fit,,,Modest,,,,,Sexy,,Like,,,,,,Casual,,,Colorful,,,,,,,,,,Loose-fit,,,,,,,,,Unconventional,Like,,,,,,Casual,Chic,Classic,,,,,,,,,,,,,Minimalistic,,,,,,,,Like,,,,,,,Chic,Classic,,,,,,,,,Formal,,,,,,,,,,,,,Dislike,,,,,,Chic,,,,,,,,Feminine,,,,,Luxury,,,,,Playful,,,,Like,,,Bohemian,,,,Chic,,,,,,,,,,,,,,Minimalistic,,,,,,,,,Dislike,,,,,Casual,,,,Comfortable,,,,,,,,,Loose-fit,,,,,,Playful,,,,Like,,,,Bold,,,Chic,,,,,Designer,,,Feminine,,Formal,,,,,,,,,,,,,Dislike,,Bohemian,,,,,,Colorful,,,,,,,,,,Loose-fit,,,,,,,,,,,Dislike,,,Bold,,,Chic,,,,,,,,Feminine,,,,,,,,,,Playful,,Sexy,,,Dislike,,,,Business,,,Classic,,,,,,,,,Formal,,,,,,,,,,,,,Dislike,Active,,,,,,,,Comfortable,,,,,,Form-fitting,,,,,,,,,,,Sexy,,Like,,Active,,,,,,,Colorful,,,,,,,Form-fitting,,,,,,,,,,,,,,Dislike
13238452713,413629482,01/04/2022 07:57:17 PM,01/04/2022 08:09:37 PM,,,,,,21,Village,Sint Willebrord ,Work,3,2,5,4,1,,,,38,,,,,,,,,4,3,5,6,4,2,4,4,5,4,5,5,5,5,3,,,,,Casual,,,,Comfortable,,,,,,,,,,,Minimalistic,,,,,,,,,Dislike,,,,,,,,,,,,,,Feminine,,,,,,,Modest,,Party,,,,,Like,,,,,,,,,,Comfortable,,,,,,,,,Loose-fit,,,,,,Playful,,,,Like,,,,,Business,,Chic,,,,,,,,,,,,,,,,,,,Romantic,,,Like,,,,,,,,,,,,,,,,,,,,,,Modest,,Party,,,,,,Dislike,,,,,,,,,,,,,,Feminine,,,,,,,,,,,Romantic,,,,Dislike,,,,,Casual,,,,Comfortable,,,,,,,,,,,,,,,,,,,Like,,,,,,,,,Colorful,,,,,,,,,,,,,,,,,,,,,Dislike,,,,,,,,,,,,,,,,,,,,,Modest,,,Playful,,,,,Dislike,,,,,Casual,,,,Comfortable,,,,,,,,,,,Minimalistic,,,,,,,,Like,,,,,,Casual,,Classic,,Comfortable,,,,,,,,,,,,,,,,,,,Like,,,,,Business,,Chic,,,,,,,,Feminine,,,,,,,,,,,,,,,Dislike,,,,,,,,,,Contemporary,,,,,,,,Loose-fit,,,,,,,,Sexy,,Like,,,,,,,,,,,,,,,,Form-fitting,,,,,Minimalistic,,,,Playful,,,,,Dislike,,,,,Casual,,,,Comfortable,,,,,,,,,,,,,,,,,,,Like,,,,,,Casual,,,,,,,,,,,,,,,Minimalistic,Modest,,,,,,,,Dislike,,,,Business,,Chic,,,,,,,,,,,,,Luxury,,,,,,,,,Like,,,,,,,,,,,,,,,Feminine,,,,,,,,,,,,,,,Dislike,,,,,Casual,,,,Comfortable,,,,,,,,,,,,,,,,,,,Like,,,,Bold,,,Chic,,,,,,,,,,,,,,,,,Party,,,,,,Dislike,,,,,Casual,,,,,,,,,Feminine,,,,,,Minimalistic,,,,,,,,,Dislike,,,,,,,,,,,,,,Feminine,,,,,,,Modest,,,,Romantic,,,Like,,Active,,,,Casual,,,,Comfortable,,,,,,,,,,,,,,,,,,,Like,,,,,,Casual,,,,,,,,,,,,,,,,Modest,,,Playful,,,,Like,,Active,,,,,,,Colorful,Comfortable,,,,,,,,,,,,,,,,,,,Like,
13238271643,413629482,01/04/2022 06:37:37 PM,01/04/2022 07:31:32 PM,,,,,,25,City,Arnhem ,Work,2,3,1,5,4,,,36,,,,,,,,,,4,3,3,3,3,1,1,1,4,4,4,3,4,3,4,,,,,,,,,Comfortable,Contemporary,,,,,,,,Loose-fit,,Minimalistic,,Monochrome,,,,,,,Dislike,,,Bold,,,,,,,,,,,Feminine,Form-fitting,,,,,,,,Party,,,Sexy,,Like,,,,,,Casual,,,,Comfortable,,,,,,,,,Loose-fit,,,,,,Playful,,,,Like,,,,,Business,,Chic,Classic,,,,,,,,,Formal,,,,,,,,,,,,,Dislike,,,Bold,,,,,,,,,Eclectic,Fantasy,Feminine,,,,,,,,,Party,,,,,Like,,,Bohemian,Bold,,,,,,,,Designer,,,Feminine,,,,,,Minimalistic,,,,,,,,,Dislike,,,,,Casual,,,,Comfortable,,,,Fantasy,,,,,Loose-fit,,,,,,,,,,,Dislike,,,,,Casual,,,Colorful,Comfortable,,,,,,Form-fitting,,,,,,,,,,,,,,Dislike,,,,,Casual,,,,Comfortable,,Designer,,,,,,,Loose-fit,,,,,,,,,,,Dislike,,,,,Casual,,,,Comfortable,Contemporary,,,,,,,,,,Minimalistic,,,,,,,,,Dislike,,Bohemian,,,,,,,,,Designer,Eclectic,,,,,,,,,,,,,,,,Like,,,,,Business,Casual,Chic,,,,Contemporary,,,,,,,,,,Minimalistic,,,,,,,,,Dislike,,,Bold,,,,,,,,Designer,,Fantasy,Feminine,,,,,,,,,,,,Sexy,,Like,,,,,,Casual,,,Colorful,,Contemporary,,,,,,,,,,,,Monochrome,,,,,,Like,,,,,,Casual,,,,Comfortable,,,,,,,,,,,Minimalistic,Modest,,,,,,,,Dislike,,,,Business,,Chic,Classic,,,,,,,,,,,,,,,,,,,,Unconventional,,Dislike,,,,Business,Casual,,,,,,,,,,,Formal,,,Luxury,,,,,,,,,Like,,,,,,,,,,,,Designer,,Fantasy,,,,,Loose-fit,,,,,,,,,Unconventional,,Dislike,,,,,,,,,Comfortable,Contemporary,,,Fantasy,,,,,,,Minimalistic,Modest,,,,,,,,Dislike,,,,,,Chic,,,,,Designer,,,Feminine,Form-fitting,,,,,,,,,,,Sexy,,,Dislike,,,,,Casual,,,Colorful,Comfortable,Contemporary,,,,,,,,Loose-fit,,,,,,,,,,,Dislike,,,,,,Chic,,,,,,,,Feminine,Form-fitting,,,,,,,,Party,,,Sexy,,Like,,,Bohemian,,,,,,Colorful,Comfortable,Contemporary,,,,,,,,,,,,,,,,,Unconventional,,Dislike,Active,,,,Casual,,,Colorful,Comfortable,Contemporary,,,,,,,,,,,,,,,,,,,Dislike,Active,,,,,,,Colorful,Comfortable,,,,,,,,,Loose-fit,,Minimalistic,,,,,,,,,Dislike
13238048893,413629482,01/04/2022 05:21:36 PM,01/04/2022 06:15:53 PM,,,,,,21,Village,Sint Willebrord ,Work,5,3,2,4,1,,,,38,,,,,,,,,,,,,,,,,,,,,,,,,,,,,,,,,,,,,,,,,,,,,,,,,,,,,,,,,,,,,,,,,,,,,,,,,,,,,,,,,,,,,,,,,,,,,,,,,,,,,,,,,,,,,,,,,,,,,,,,,,,,,,,,,,,,,,,,,,,,,,,,,,,,,,,,,,,,,,,,,,,,,,,,,,,,,,,,,,,,,,,,,,,,,,,,,,,,,,,,,,,,,,,,,,,,,,,,,,,,,,,,,,,,,,,,,,,,,,,,,,,,,,,,,,,,,,,,,,,,,,,,,,,,,,,,,,,,,,,,,,,,,,,,,,,,,,,,,,,,,,,,,,,,,,,,,,,,,,,,,,,,,,,,,,,,,,,,,,,,,,,,,,,,,,,,,,,,,,,,,,,,,,,,,,,,,,,,,,,,,,,,,,,,,,,,,,,,,,,,,,,,,,,,,,,,,,,,,,,,,,,,,,,,,,,,,,,,,,,,,,,,,,,,,,,,,,,,,,,,,,,,,,,,,,,,,,,,,,,,,,,,,,,,,,,,,,,,,,,,,,,,,,,,,,,,,,,,,,,,,,,,,,,,,,,,,,,,,,,,,,,,,,,,,,,,,,,,,,,,,,,,,,,,,,,,,,,,,,,,,,,,,,,,,,,,,,,,,,,,,,,,,,,,,,,,,,,,,,,,,,,,,,,,,,,,,,,,,,,,,,,,,,,,,,,,,,,,,,,,,,,,,,,,,,,,,,,,,,,,,,,,,,,,,,,,,,,,,,,,,,,,,,,,,,,,,,,,,,,,,,,,,,,,,,,,,,,,,,,,,,,,,,,,
13237855975,413629482,01/04/2022 03:53:57 PM,01/04/2022 03:58:17 PM,,,,,,23,City,amsterdam,Work,4,3,5,1,2,,,,38,,,,,,,,,2,0,5,1,2,3,2,2,5,2,3,3,2,2,1,,,,,,,,,,,,,,,,,,,,,,,,,,,,,,,,,,,,,,,,,,,,,,,,,,,,,,,,,,,,,,,,,,,,,,,,,,,,,,,,,,,,,,,,,,,,,,,,,,,,,,,,,,,,,,,,,,,,,,,,,,,,,,,,,,,,,,,,,,,,,,,,,,,,,,,,,,,,,,,,,,,,,,,,,,,,,,,,,,,,,,,,,,,,,,,,,,,,,,,,,,,,,,,,,,,,,,,,,,,,,,,,,,,,,,,,,,,,,,,,,,,,,,,,,,,,,,,,,,,,,,,,,,,,,,,,,,,,,,,,,,,,,,,,,,,,,,,,,,,,,,,,,,,,,,,,,,,,,,,,,,,,,,,,,,,,,,,,,,,,,,,,,,,,,,,,,,,,,,,,,,,,,,,,,,,,,,,,,,,,,,,,,,,,,,,,,,,,,,,,,,,,,,,,,,,,,,,,,,,,,,,,,,,,,,,,,,,,,,,,,,,,,,,,,,,,,,,,,,,,,,,,,,,,,,,,,,,,,,,,,,,,,,,,,,,,,,,,,,,,,,,,,,,,,,,,,,,,,,,,,,,,,,,,,,,,,,,,,,,,,,,,,,,,,,,,,,,,,,,,,,,,,,,,,,,,,,,,,,,,,,,,,,,,,,,,,,,,,,,,,,,,,,,,,,,,,,,,,,,,,,,,,,,,,,,,,,,,,,,,,,,,,,,,,,,,,,,,,,,,,,,,,,,,,,,,,,,,,,,,,,,,,,,,,,,,,,,,,,,,,,,,,,,,,,,,,,,,,,,,,,,,,
13237402846,413629482,01/04/2022 11:06:12 AM,01/04/2022 11:23:24 AM,,,,,,25,City,Breda,Student,2,3,5,1,4,,,36,38,,,,,,,,,4,2,3,2,5,1,1,2,5,3,5,5,5,5,2,,,,,,,,,Comfortable,,,,,,,,,Loose-fit,,,,,,,,,,,Dislike,,,,,,,,,,,,,,Feminine,,,,,,,,,Party,,Romantic,Sexy,,Like,,,,,,Casual,,,,Comfortable,,,,,,,,,Loose-fit,,,,,,,,,,Like,,,,,Business,Casual,Chic,,Colorful,,,,,,Feminine,,,,,,,,,,,,,,,Dislike,,,,,Casual,,,,Comfortable,,,,,,,,,,,,,,,Playful,,,,,Dislike,,,,,,Chic,Classic,,,,,,,Feminine,Form-fitting,,,,,,,,,,Romantic,,,,Dislike,,,,,Casual,,,,Comfortable,,,,,,,,,Loose-fit,,,,,,,,,,Like,,,,,,Casual,,,Colorful,Comfortable,,,,,,,,,,,,,,,Playful,,,,,Dislike,,,,Business,Casual,Chic,,,Comfortable,,,,,,,Formal,,,,,,,,,,,,,Dislike,,,,,Casual,,,,Comfortable,,,,,,,,,,,,,,,,,,,,Dislike,,,,,Casual,,,,Comfortable,,,,,,,,,Loose-fit,,,,,,,,,,Like,,,,,,Casual,,,,Comfortable,,,,,,,Formal,,,,Minimalistic,,,,,,,,,Dislike,,,,,Casual,Chic,,,Comfortable,,,,,,,,,,Luxury,,,,,Playful,,,,Like,,Active,,,,Casual,,,,Comfortable,,,,,,,,,,,,,,,Playful,,,,Like,,,,,,Casual,,,,Comfortable,,,,,,,,,,,,,,,,,,,,Dislike,,,,Business,,,,,,,,,,,,,,,,Minimalistic,,,,,,,,,Dislike,,,,Business,,Chic,Classic,,,,,,,Feminine,,,,,,,,,,,Romantic,,,Like,,,,,Business,,Chic,,,,,,,,Feminine,,,,Loose-fit,,,,,,,Romantic,,,,Dislike,,Bohemian,,,Casual,,,,Comfortable,,,,,,,,,,,,,,,,,,,,Dislike,,,,,,,Classic,,,,,,,Feminine,,,,,,,,,,Playful,Romantic,Sexy,,,Dislike,,Bohemian,,,,,,,Comfortable,,,,,,,,,Loose-fit,,,,,,,,,,,Dislike,,,,,,,Classic,,,,,,,Feminine,,,,,,,,,Party,,Romantic,Sexy,,Like,,,,,,,,,,Comfortable,,,,,,,,,,,Minimalistic,,,,,,,,,Dislike,Active,,,,Casual,,,,Comfortable,,,,,,,,,,,,,,,,,,,,Dislike,Active,,,,Casual,,,,,,,,,,,,,,,,,,,,,,,Like,
13237380689,413629482,01/04/2022 10:46:31 AM,01/04/2022 10:49:58 AM,,,,,,21,City,Breda,Student,5,2,4,3,1,,,,38,40,,,,,,,,2,3,5,2,5,4,2,4,5,4,5,4,4,5,4,,,,,,,,,,,,,,,,,,,,,,,,,,,,,,,,,,,,,,,,,,,,,,,,,,,,,,,,,,,,,,,,,,,,,,,,,,,,,,,,,,,,,,,,,,,,,,,,,,,,,,,,,,,,,,,,,,,,,,,,,,,,,,,,,,,,,,,,,,,,,,,,,,,,,,,,,,,,,,,,,,,,,,,,,,,,,,,,,,,,,,,,,,,,,,,,,,,,,,,,,,,,,,,,,,,,,,,,,,,,,,,,,,,,,,,,,,,,,,,,,,,,,,,,,,,,,,,,,,,,,,,,,,,,,,,,,,,,,,,,,,,,,,,,,,,,,,,,,,,,,,,,,,,,,,,,,,,,,,,,,,,,,,,,,,,,,,,,,,,,,,,,,,,,,,,,,,,,,,,,,,,,,,,,,,,,,,,,,,,,,,,,,,,,,,,,,,,,,,,,,,,,,,,,,,,,,,,,,,,,,,,,,,,,,,,,,,,,,,,,,,,,,,,,,,,,,,,,,,,,,,,,,,,,,,,,,,,,,,,,,,,,,,,,,,,,,,,,,,,,,,,,,,,,,,,,,,,,,,,,,,,,,,,,,,,,,,,,,,,,,,,,,,,,,,,,,,,,,,,,,,,,,,,,,,,,,,,,,,,,,,,,,,,,,,,,,,,,,,,,,,,,,,,,,,,,,,,,,,,,,,,,,,,,,,,,,,,,,,,,,,,,,,,,,,,,,,,,,,,,,,,,,,,,,,,,,,,,,,,,,,,,,,,,,,,,,,,,,,,,,,,,,,,,,,,,,,,,,,,,,,,,,
13237315738,413629482,01/04/2022 09:48:23 AM,01/04/2022 10:07:25 AM,,,,,,23,City,Breda,Work,5,3,4,1,2,,34,,,,,,,,,,,3,3,5,4,4,2,3,2,4,3,5,6,5,4,3,,,,,Casual,,,,Comfortable,,,,,,,,,Loose-fit,,,,,,,,,,,Dislike,,,,,,,,,,,,,,Feminine,,,,,,,,,Party,,,Sexy,,Like,,,,,,,,,,Comfortable,,,,,,,,,Loose-fit,,,,,,,,,,,Dislike,,,,,Casual,,,Colorful,,,,,,,,Formal,,,,,,,,,,,,Like,,,,,,,,,,Comfortable,,,,Fantasy,,,,,,,,,,,Playful,,,,,Dislike,,,,,,,,,,,,,,,Form-fitting,,,,,,,,,Playful,,Sexy,,,Dislike,,,,,Casual,,,,Comfortable,,,,,,,,,Loose-fit,,,,,,,,,,,Dislike,,,,,Casual,,,Colorful,,,,,,,,,,,,,,,,Playful,,,,,Dislike,,,,,,,,,,,,,,,,,,Loose-fit,Luxury,,,,,,,,,,Dislike,,,,,,,Classic,,Comfortable,,,,,,,,,,,Minimalistic,,,,,,,,,Dislike,,,,,,,,,Comfortable,,,,,,,,,,,,,,,,,,,Like,,,,,,Casual,,,,,,,,,,,Formal,,,,,,Monochrome,,,,,,,Dislike,,,,Business,Casual,,,,,,,,,,,,,,,,,,,,,,,Like,,,,,,Casual,,,Colorful,,,,,,,,,,,,,,,,,,,,Like,,,,,,Casual,,,,,,,,,,,,,,,Minimalistic,,,,,,,,,Dislike,,,,,Casual,,Classic,,,,,,,,,,,,,Minimalistic,,,,,,,,,Dislike,,,,Business,Casual,,,,,,,,,,,,,,,,,,,,,,,Like,,,,,Business,,,,,,,,,Fantasy,,,,,,,,Modest,,,,,,,Like,,Active,,,,Casual,,,,,,,,,,,,,Loose-fit,,,,,,,,,,,Dislike,,,,,,Chic,,,,,,,,,,,,,,,,,,,,Sexy,,,Dislike,,,,,,,,,,,,,,,,,,Loose-fit,,,,,,,,,,,Dislike,,,,,,Chic,,,,,,,,,,,,,,,,,,,,Sexy,,Like,,,,,,,,,,,,,,,,,,,,,Minimalistic,,,,,,,,,Dislike,,,,,Casual,,Classic,,,,,,,,,,,,,,,,,,,,,,Dislike,Active,,,,,,,Colorful,,,,,,,,,,,,,,,,,,,,,Dislike
