Image number,Style label,Image Url,13264663777,13263750995,13263613156,13249068738,13244840492,13244520859,13241149237,13240718620,13240463751,13240304890,13240301382,13239966016,13239867945,13239806794,13239762236,13239741363,13239746222,13239743538,13238520630,13238479027,13238452713,13238271643,13238048893,13237855975,13237402846,13237380689,13237315738,13264685797,13263637869,13263558029,13246534584,13245211614,13243254947,13240050877,13238590958,13238520834,13238542142,13238184908,13238066179,13237686574,13237449180,13237381960,13237386087,13237373974,13237349458,13237319909,13264640408,13263584801,13249047153,13245222921,13242105575,13240917054,13239673038,13239152356,13238786009,13238873456,13238642415,13238600642,13238615119,13238620869,13238462788,13238219369,13237370495,13237575480,13237562564,13237317993,13263660860,13263513849,13249117061,13245953467,13239748413,13239710119,13239676771,13237754403,13237808350,13237797264,13237763648,13237765133,13237751174,13237465898,13237529736,13237464563,13237445953,13237375572,13237356060
1,"Comfortable,Casual,Loose-fit",https://images.afound.com/images/5b6ee9d2-51c4-4d25-bf69-9aa91e0a2ea5/3d8e6fd15e3941938cc4ef831113ed39.jpg?preset=productcard,True,True,True,False,False,True,False,False,False,False,False,True,False,False,False,True,False,False,True,True,False,False,False,False,False,False,False,Not rated,Not rated,Not rated,Not rated,Not rated,Not rated,Not rated,Not rated,Not rated,Not rated,Not rated,Not rated,Not rated,Not rated,Not rated,Not rated,Not rated,Not rated,Not rated,Not rated,Not rated,Not rated,Not rated,Not rated,Not rated,Not rated,Not rated,Not rated,Not rated,Not rated,Not rated,Not rated,Not rated,Not rated,Not rated,Not rated,Not rated,Not rated,Not rated,Not rated,Not rated,Not rated,Not rated,Not rated,Not rated,Not rated,Not rated,Not rated,Not rated,Not rated,Not rated,Not rated,Not rated,Not rated,Not rated,Not rated,Not rated,Not rated
2,"Feminine,Sexy,Party",https://na-kd.com/globalassets/201102_angelica_blick_babylock_ribbed_top_1692-000013-4070_01b.jpg?ref=CFE0AC4B1B,False,False,False,False,True,False,False,False,False,False,False,True,False,True,True,True,False,False,True,True,True,True,False,False,True,False,True,Not rated,Not rated,Not rated,Not rated,Not rated,Not rated,Not rated,Not rated,Not rated,Not rated,Not rated,Not rated,Not rated,Not rated,Not rated,Not rated,Not rated,Not rated,Not rated,Not rated,Not rated,Not rated,Not rated,Not rated,Not rated,Not rated,Not rated,Not rated,Not rated,Not rated,Not rated,Not rated,Not rated,Not rated,Not rated,Not rated,Not rated,Not rated,Not rated,Not rated,Not rated,Not rated,Not rated,Not rated,Not rated,Not rated,Not rated,Not rated,Not rated,Not rated,Not rated,Not rated,Not rated,Not rated,Not rated,Not rated,Not rated,Not rated
3,"Loose-fit,Playful,Comfortable",https://na-kd.com/globalassets/nakd_animal_printed_shirt_jacket_1018-007180-0142_01a.jpg?ref=EA13436714,False,True,False,False,True,True,False,True,True,False,False,True,False,True,False,False,False,False,False,True,True,True,False,False,True,False,False,Not rated,Not rated,Not rated,Not rated,Not rated,Not rated,Not rated,Not rated,Not rated,Not rated,Not rated,Not rated,Not rated,Not rated,Not rated,Not rated,Not rated,Not rated,Not rated,Not rated,Not rated,Not rated,Not rated,Not rated,Not rated,Not rated,Not rated,Not rated,Not rated,Not rated,Not rated,Not rated,Not rated,Not rated,Not rated,Not rated,Not rated,Not rated,Not rated,Not rated,Not rated,Not rated,Not rated,Not rated,Not rated,Not rated,Not rated,Not rated,Not rated,Not rated,Not rated,Not rated,Not rated,Not rated,Not rated,Not rated,Not rated,Not rated
4,"Business,Chic,Colorful",https://cdn.gutsgusto.com/pictures/medium/81343-1.webp,False,False,False,False,True,True,False,False,True,False,False,False,False,False,False,False,False,False,False,False,True,False,False,False,False,False,True,Not rated,Not rated,Not rated,Not rated,Not rated,Not rated,Not rated,Not rated,Not rated,Not rated,Not rated,Not rated,Not rated,Not rated,Not rated,Not rated,Not rated,Not rated,Not rated,Not rated,Not rated,Not rated,Not rated,Not rated,Not rated,Not rated,Not rated,Not rated,Not rated,Not rated,Not rated,Not rated,Not rated,Not rated,Not rated,Not rated,Not rated,Not rated,Not rated,Not rated,Not rated,Not rated,Not rated,Not rated,Not rated,Not rated,Not rated,Not rated,Not rated,Not rated,Not rated,Not rated,Not rated,Not rated,Not rated,Not rated,Not rated,Not rated
5,"Bold,Monochrome,Form-fitting",https://cdn.gutsgusto.com/pictures/medium/82062-1636614000.webp,False,False,True,False,True,False,False,True,True,False,False,True,False,True,False,False,False,False,False,False,False,True,False,False,False,False,False,Not rated,Not rated,Not rated,Not rated,Not rated,Not rated,Not rated,Not rated,Not rated,Not rated,Not rated,Not rated,Not rated,Not rated,Not rated,Not rated,Not rated,Not rated,Not rated,Not rated,Not rated,Not rated,Not rated,Not rated,Not rated,Not rated,Not rated,Not rated,Not rated,Not rated,Not rated,Not rated,Not rated,Not rated,Not rated,Not rated,Not rated,Not rated,Not rated,Not rated,Not rated,Not rated,Not rated,Not rated,Not rated,Not rated,Not rated,Not rated,Not rated,Not rated,Not rated,Not rated,Not rated,Not rated,Not rated,Not rated,Not rated,Not rated
6,"Feminine,Form-fitting,Romantic",https://na-kd.com/globalassets/rutandcircle_alina_frill_singlet_1031-006415-0140_01a.jpg?ref=81B6723BFF,True,True,False,False,True,False,False,False,False,False,False,False,False,False,False,False,False,False,True,True,False,False,False,False,False,False,False,Not rated,Not rated,Not rated,Not rated,Not rated,Not rated,Not rated,Not rated,Not rated,Not rated,Not rated,Not rated,Not rated,Not rated,Not rated,Not rated,Not rated,Not rated,Not rated,Not rated,Not rated,Not rated,Not rated,Not rated,Not rated,Not rated,Not rated,Not rated,Not rated,Not rated,Not rated,Not rated,Not rated,Not rated,Not rated,Not rated,Not rated,Not rated,Not rated,Not rated,Not rated,Not rated,Not rated,Not rated,Not rated,Not rated,Not rated,Not rated,Not rated,Not rated,Not rated,Not rated,Not rated,Not rated,Not rated,Not rated,Not rated,Not rated
7,"Comfortable,Casual,Loose-fit",https://na-kd.com/globalassets/nakd_animal_printed_v-neck_knitted_sweater_1018-003395-0142_01a.jpg?ref=ECD10841ED,True,True,True,False,True,False,False,False,True,False,False,False,False,False,False,True,False,False,True,False,True,False,False,False,True,False,False,Not rated,Not rated,Not rated,Not rated,Not rated,Not rated,Not rated,Not rated,Not rated,Not rated,Not rated,Not rated,Not rated,Not rated,Not rated,Not rated,Not rated,Not rated,Not rated,Not rated,Not rated,Not rated,Not rated,Not rated,Not rated,Not rated,Not rated,Not rated,Not rated,Not rated,Not rated,Not rated,Not rated,Not rated,Not rated,Not rated,Not rated,Not rated,Not rated,Not rated,Not rated,Not rated,Not rated,Not rated,Not rated,Not rated,Not rated,Not rated,Not rated,Not rated,Not rated,Not rated,Not rated,Not rated,Not rated,Not rated,Not rated,Not rated
8,"Colorful,Casual,Playful",https://na-kd.com/globalassets/nakd_babylock_striped_tee_1018-001524-0010_01a_r.jpg?ref=ED0716C96F,False,False,True,False,False,False,False,False,False,False,False,False,False,False,False,False,False,False,False,False,False,False,False,False,False,False,False,Not rated,Not rated,Not rated,Not rated,Not rated,Not rated,Not rated,Not rated,Not rated,Not rated,Not rated,Not rated,Not rated,Not rated,Not rated,Not rated,Not rated,Not rated,Not rated,Not rated,Not rated,Not rated,Not rated,Not rated,Not rated,Not rated,Not rated,Not rated,Not rated,Not rated,Not rated,Not rated,Not rated,Not rated,Not rated,Not rated,Not rated,Not rated,Not rated,Not rated,Not rated,Not rated,Not rated,Not rated,Not rated,Not rated,Not rated,Not rated,Not rated,Not rated,Not rated,Not rated,Not rated,Not rated,Not rated,Not rated,Not rated,Not rated
9,"Chic,Formal,Loose-fit",https://na-kd.com/globalassets/nakd_balloon_sleeve_pu_top_1018-005052-0005_01a.jpg?ref=2E846A7D80,False,False,True,False,True,False,False,False,True,False,False,False,False,True,False,True,False,False,False,False,False,False,False,False,False,False,False,Not rated,Not rated,Not rated,Not rated,Not rated,Not rated,Not rated,Not rated,Not rated,Not rated,Not rated,Not rated,Not rated,Not rated,Not rated,Not rated,Not rated,Not rated,Not rated,Not rated,Not rated,Not rated,Not rated,Not rated,Not rated,Not rated,Not rated,Not rated,Not rated,Not rated,Not rated,Not rated,Not rated,Not rated,Not rated,Not rated,Not rated,Not rated,Not rated,Not rated,Not rated,Not rated,Not rated,Not rated,Not rated,Not rated,Not rated,Not rated,Not rated,Not rated,Not rated,Not rated,Not rated,Not rated,Not rated,Not rated,Not rated,Not rated
10,"Casual,Comfortable,Minimalistic",https://esprit.scene7.com/is/image/esprit/111EO1K324_110_20? ùëÜùêπùê∂ùê∂ùêø,True,False,True,False,False,False,False,True,False,False,False,False,False,False,False,False,False,False,True,False,True,False,False,False,False,False,False,Not rated,Not rated,Not rated,Not rated,Not rated,Not rated,Not rated,Not rated,Not rated,Not rated,Not rated,Not rated,Not rated,Not rated,Not rated,Not rated,Not rated,Not rated,Not rated,Not rated,Not rated,Not rated,Not rated,Not rated,Not rated,Not rated,Not rated,Not rated,Not rated,Not rated,Not rated,Not rated,Not rated,Not rated,Not rated,Not rated,Not rated,Not rated,Not rated,Not rated,Not rated,Not rated,Not rated,Not rated,Not rated,Not rated,Not rated,Not rated,Not rated,Not rated,Not rated,Not rated,Not rated,Not rated,Not rated,Not rated,Not rated,Not rated
11,"Comfortable,Loose-fit,Casual",https://na-kd.com/globalassets/nakd_balloon_sleeve_knitted_sweater_1100-000253-0008_01j.jpg?ref=D69FBFBB28	,True,False,True,False,True,True,False,True,True,False,False,False,False,True,False,True,False,False,True,True,True,True,False,False,True,False,True,Not rated,Not rated,Not rated,Not rated,Not rated,Not rated,Not rated,Not rated,Not rated,Not rated,Not rated,Not rated,Not rated,Not rated,Not rated,Not rated,Not rated,Not rated,Not rated,Not rated,Not rated,Not rated,Not rated,Not rated,Not rated,Not rated,Not rated,Not rated,Not rated,Not rated,Not rated,Not rated,Not rated,Not rated,Not rated,Not rated,Not rated,Not rated,Not rated,Not rated,Not rated,Not rated,Not rated,Not rated,Not rated,Not rated,Not rated,Not rated,Not rated,Not rated,Not rated,Not rated,Not rated,Not rated,Not rated,Not rated,Not rated,Not rated
12,"Formal,Business,Casual",https://esprit.scene7.com/is/image/esprit/081EO1K327_110_20? ùëÜùêπùê∂ùê∂ùêø,True,False,False,False,True,True,False,False,True,False,False,False,False,False,False,False,False,False,False,False,False,False,False,False,False,False,False,Not rated,Not rated,Not rated,Not rated,Not rated,Not rated,Not rated,Not rated,Not rated,Not rated,Not rated,Not rated,Not rated,Not rated,Not rated,Not rated,Not rated,Not rated,Not rated,Not rated,Not rated,Not rated,Not rated,Not rated,Not rated,Not rated,Not rated,Not rated,Not rated,Not rated,Not rated,Not rated,Not rated,Not rated,Not rated,Not rated,Not rated,Not rated,Not rated,Not rated,Not rated,Not rated,Not rated,Not rated,Not rated,Not rated,Not rated,Not rated,Not rated,Not rated,Not rated,Not rated,Not rated,Not rated,Not rated,Not rated,Not rated,Not rated
13,"Feminine,Loose-fit,Chic",https://na-kd.com/globalassets/nakd_balloon_sleeve_wavy_blouse_black_1594-000211-0002_01a.jpg?ref=6366F378CD,True,True,True,False,True,True,False,False,False,False,False,True,False,True,True,False,False,False,True,True,True,True,False,False,True,False,True,Not rated,Not rated,Not rated,Not rated,Not rated,Not rated,Not rated,Not rated,Not rated,Not rated,Not rated,Not rated,Not rated,Not rated,Not rated,Not rated,Not rated,Not rated,Not rated,Not rated,Not rated,Not rated,Not rated,Not rated,Not rated,Not rated,Not rated,Not rated,Not rated,Not rated,Not rated,Not rated,Not rated,Not rated,Not rated,Not rated,Not rated,Not rated,Not rated,Not rated,Not rated,Not rated,Not rated,Not rated,Not rated,Not rated,Not rated,Not rated,Not rated,Not rated,Not rated,Not rated,Not rated,Not rated,Not rated,Not rated,Not rated,Not rated
14,"Casual,Comfortable,Loose-fit",https://na-kd.com/globalassets/nakd_balloon_sleeve_cropped_denim_jacket_1660-000172-0010_01a.jpg?ref=AC5951C333,True,False,True,False,True,True,False,True,True,False,False,False,False,False,False,False,False,False,True,True,False,True,False,False,True,False,True,Not rated,Not rated,Not rated,Not rated,Not rated,Not rated,Not rated,Not rated,Not rated,Not rated,Not rated,Not rated,Not rated,Not rated,Not rated,Not rated,Not rated,Not rated,Not rated,Not rated,Not rated,Not rated,Not rated,Not rated,Not rated,Not rated,Not rated,Not rated,Not rated,Not rated,Not rated,Not rated,Not rated,Not rated,Not rated,Not rated,Not rated,Not rated,Not rated,Not rated,Not rated,Not rated,Not rated,Not rated,Not rated,Not rated,Not rated,Not rated,Not rated,Not rated,Not rated,Not rated,Not rated,Not rated,Not rated,Not rated,Not rated,Not rated
15,"Casual,Comfortable,Minimalistic",https://na-kd.com/globalassets/nakd_2-pack_crew_tee_white_1018-002796-0001_01a.jpg?ref=AE17C4F541,True,True,True,False,False,True,False,False,False,False,False,False,False,False,False,False,False,False,True,True,True,False,False,False,False,False,False,Not rated,Not rated,Not rated,Not rated,Not rated,Not rated,Not rated,Not rated,Not rated,Not rated,Not rated,Not rated,Not rated,Not rated,Not rated,Not rated,Not rated,Not rated,Not rated,Not rated,Not rated,Not rated,Not rated,Not rated,Not rated,Not rated,Not rated,Not rated,Not rated,Not rated,Not rated,Not rated,Not rated,Not rated,Not rated,Not rated,Not rated,Not rated,Not rated,Not rated,Not rated,Not rated,Not rated,Not rated,Not rated,Not rated,Not rated,Not rated,Not rated,Not rated,Not rated,Not rated,Not rated,Not rated,Not rated,Not rated,Not rated,Not rated
16,"Business,Chic,Classic",https://esprit.scene7.com/is/image/esprit/071CC1K313_110_20? ùëÜùêπùê∂ùê∂ùêø,False,False,False,False,False,False,False,False,True,False,False,False,False,False,False,False,False,False,False,False,False,False,False,False,False,False,False,Not rated,Not rated,Not rated,Not rated,Not rated,Not rated,Not rated,Not rated,Not rated,Not rated,Not rated,Not rated,Not rated,Not rated,Not rated,Not rated,Not rated,Not rated,Not rated,Not rated,Not rated,Not rated,Not rated,Not rated,Not rated,Not rated,Not rated,Not rated,Not rated,Not rated,Not rated,Not rated,Not rated,Not rated,Not rated,Not rated,Not rated,Not rated,Not rated,Not rated,Not rated,Not rated,Not rated,Not rated,Not rated,Not rated,Not rated,Not rated,Not rated,Not rated,Not rated,Not rated,Not rated,Not rated,Not rated,Not rated,Not rated,Not rated
17,"Chic,Business,Feminine",https://na-kd.com/globalassets/nakd_asymetreical_blouse_1655-000009-0001_01a_r.jpg?ref=9A642F5322,True,True,False,False,True,True,False,True,True,False,False,True,False,True,True,True,False,False,True,True,True,True,False,False,True,False,True,Not rated,Not rated,Not rated,Not rated,Not rated,Not rated,Not rated,Not rated,Not rated,Not rated,Not rated,Not rated,Not rated,Not rated,Not rated,Not rated,Not rated,Not rated,Not rated,Not rated,Not rated,Not rated,Not rated,Not rated,Not rated,Not rated,Not rated,Not rated,Not rated,Not rated,Not rated,Not rated,Not rated,Not rated,Not rated,Not rated,Not rated,Not rated,Not rated,Not rated,Not rated,Not rated,Not rated,Not rated,Not rated,Not rated,Not rated,Not rated,Not rated,Not rated,Not rated,Not rated,Not rated,Not rated,Not rated,Not rated,Not rated,Not rated
18,"Chic,Romantic,Business",https://na-kd.com/globalassets/mango_baby_blouse_1587-001606-0260_01a.jpg?ref=22F34E86F7,True,False,False,False,False,False,False,True,True,False,False,True,False,True,False,True,False,False,False,False,False,False,False,False,False,False,True,Not rated,Not rated,Not rated,Not rated,Not rated,Not rated,Not rated,Not rated,Not rated,Not rated,Not rated,Not rated,Not rated,Not rated,Not rated,Not rated,Not rated,Not rated,Not rated,Not rated,Not rated,Not rated,Not rated,Not rated,Not rated,Not rated,Not rated,Not rated,Not rated,Not rated,Not rated,Not rated,Not rated,Not rated,Not rated,Not rated,Not rated,Not rated,Not rated,Not rated,Not rated,Not rated,Not rated,Not rated,Not rated,Not rated,Not rated,Not rated,Not rated,Not rated,Not rated,Not rated,Not rated,Not rated,Not rated,Not rated,Not rated,Not rated
19,"Loose-fit,Casual,Comfortable",https://images.afound.com/images/9a2361a3-cef1-4122-a4d5-662b603559fa/83b4f4b52eff44b49e3f9fbf195a31a7.jpg?preset=productcard,False,True,True,False,True,True,False,False,True,False,False,False,False,False,False,False,False,False,False,True,True,False,False,False,False,False,False,Not rated,Not rated,Not rated,Not rated,Not rated,Not rated,Not rated,Not rated,Not rated,Not rated,Not rated,Not rated,Not rated,Not rated,Not rated,Not rated,Not rated,Not rated,Not rated,Not rated,Not rated,Not rated,Not rated,Not rated,Not rated,Not rated,Not rated,Not rated,Not rated,Not rated,Not rated,Not rated,Not rated,Not rated,Not rated,Not rated,Not rated,Not rated,Not rated,Not rated,Not rated,Not rated,Not rated,Not rated,Not rated,Not rated,Not rated,Not rated,Not rated,Not rated,Not rated,Not rated,Not rated,Not rated,Not rated,Not rated,Not rated,Not rated
20,"Sexy,Feminine,Chic",https://na-kd.com/globalassets/chloeb_balloon_sleeve_cut_out_top_1599-000150-0115_01a.jpg?ref=2F00616528,True,True,False,False,True,True,False,False,True,False,False,False,False,False,False,False,False,False,True,False,False,False,False,False,False,False,False,Not rated,Not rated,Not rated,Not rated,Not rated,Not rated,Not rated,Not rated,Not rated,Not rated,Not rated,Not rated,Not rated,Not rated,Not rated,Not rated,Not rated,Not rated,Not rated,Not rated,Not rated,Not rated,Not rated,Not rated,Not rated,Not rated,Not rated,Not rated,Not rated,Not rated,Not rated,Not rated,Not rated,Not rated,Not rated,Not rated,Not rated,Not rated,Not rated,Not rated,Not rated,Not rated,Not rated,Not rated,Not rated,Not rated,Not rated,Not rated,Not rated,Not rated,Not rated,Not rated,Not rated,Not rated,Not rated,Not rated,Not rated,Not rated
21,"Colorful,Loose-fit,Casual",https://na-kd.com/globalassets/nakd_anglaise_balloon_sleeve_frill_blouse_1014-000888-4046_01a.jpg?ref=02E3FFACC2,False,True,True,False,False,True,False,True,True,False,False,False,False,True,False,False,False,False,False,False,False,False,False,False,False,False,False,Not rated,Not rated,Not rated,Not rated,Not rated,Not rated,Not rated,Not rated,Not rated,Not rated,Not rated,Not rated,Not rated,Not rated,Not rated,Not rated,Not rated,Not rated,Not rated,Not rated,Not rated,Not rated,Not rated,Not rated,Not rated,Not rated,Not rated,Not rated,Not rated,Not rated,Not rated,Not rated,Not rated,Not rated,Not rated,Not rated,Not rated,Not rated,Not rated,Not rated,Not rated,Not rated,Not rated,Not rated,Not rated,Not rated,Not rated,Not rated,Not rated,Not rated,Not rated,Not rated,Not rated,Not rated,Not rated,Not rated,Not rated,Not rated
22,"Feminine,Sexy,Romantic",https://na-kd.com/globalassets/hanna_balloon_sleeve_open_back_blouse_1647-000067-0001_01b.jpg?ref=24DA4C8B05,True,True,False,False,True,True,False,False,True,False,False,True,False,True,True,True,False,False,True,False,True,True,False,False,True,False,True,Not rated,Not rated,Not rated,Not rated,Not rated,Not rated,Not rated,Not rated,Not rated,Not rated,Not rated,Not rated,Not rated,Not rated,Not rated,Not rated,Not rated,Not rated,Not rated,Not rated,Not rated,Not rated,Not rated,Not rated,Not rated,Not rated,Not rated,Not rated,Not rated,Not rated,Not rated,Not rated,Not rated,Not rated,Not rated,Not rated,Not rated,Not rated,Not rated,Not rated,Not rated,Not rated,Not rated,Not rated,Not rated,Not rated,Not rated,Not rated,Not rated,Not rated,Not rated,Not rated,Not rated,Not rated,Not rated,Not rated,Not rated,Not rated
23,"Casual,Classic,Comfortable",https://na-kd.com/globalassets/rut_anna_singlet_1031-004259-0002_01a.jpg?ref=8E897A708D,False,False,False,False,False,False,False,False,True,False,False,False,False,False,True,False,False,False,True,False,True,False,False,False,False,False,False,Not rated,Not rated,Not rated,Not rated,Not rated,Not rated,Not rated,Not rated,Not rated,Not rated,Not rated,Not rated,Not rated,Not rated,Not rated,Not rated,Not rated,Not rated,Not rated,Not rated,Not rated,Not rated,Not rated,Not rated,Not rated,Not rated,Not rated,Not rated,Not rated,Not rated,Not rated,Not rated,Not rated,Not rated,Not rated,Not rated,Not rated,Not rated,Not rated,Not rated,Not rated,Not rated,Not rated,Not rated,Not rated,Not rated,Not rated,Not rated,Not rated,Not rated,Not rated,Not rated,Not rated,Not rated,Not rated,Not rated,Not rated,Not rated
24,"Active,Casual,Comfortable",https://images.afound.com/images/25c66d24-d9ac-400a-b983-10e1cf902e1f/968b0d9f435443e484aaf1d5077faeb7.jpg?preset=productcard,False,False,False,False,True,True,False,False,False,False,False,False,False,False,False,True,False,False,False,True,True,False,False,False,False,False,False,Not rated,Not rated,Not rated,Not rated,Not rated,Not rated,Not rated,Not rated,Not rated,Not rated,Not rated,Not rated,Not rated,Not rated,Not rated,Not rated,Not rated,Not rated,Not rated,Not rated,Not rated,Not rated,Not rated,Not rated,Not rated,Not rated,Not rated,Not rated,Not rated,Not rated,Not rated,Not rated,Not rated,Not rated,Not rated,Not rated,Not rated,Not rated,Not rated,Not rated,Not rated,Not rated,Not rated,Not rated,Not rated,Not rated,Not rated,Not rated,Not rated,Not rated,Not rated,Not rated,Not rated,Not rated,Not rated,Not rated,Not rated,Not rated
25,"Active,Colorful,Comfortable",https://cdn.aboutstatic.com/file/images/915ddfcce5a02bd831cd9b5b10671f58.jpg?brightness=0.96&quality=75&trim=1&height=1280&width=960,False,False,True,False,True,True,False,True,True,False,False,True,False,True,False,False,False,False,False,False,True,False,False,False,True,False,False,Not rated,Not rated,Not rated,Not rated,Not rated,Not rated,Not rated,Not rated,Not rated,Not rated,Not rated,Not rated,Not rated,Not rated,Not rated,Not rated,Not rated,Not rated,Not rated,Not rated,Not rated,Not rated,Not rated,Not rated,Not rated,Not rated,Not rated,Not rated,Not rated,Not rated,Not rated,Not rated,Not rated,Not rated,Not rated,Not rated,Not rated,Not rated,Not rated,Not rated,Not rated,Not rated,Not rated,Not rated,Not rated,Not rated,Not rated,Not rated,Not rated,Not rated,Not rated,Not rated,Not rated,Not rated,Not rated,Not rated,Not rated,Not rated
26,"Feminine,Playful,Casual",https://na-kd.com/globalassets/nakd_balloon_sleeve_tie_waist_blouse_1014-000955-2199_01a.jpg?ref=000DE88A46,Not rated,Not rated,Not rated,Not rated,Not rated,Not rated,Not rated,Not rated,Not rated,Not rated,Not rated,Not rated,Not rated,Not rated,Not rated,Not rated,Not rated,Not rated,Not rated,Not rated,Not rated,Not rated,Not rated,Not rated,Not rated,Not rated,Not rated,False,True,True,False,False,False,False,True,True,False,False,True,False,False,True,True,False,False,True,Not rated,Not rated,Not rated,Not rated,Not rated,Not rated,Not rated,Not rated,Not rated,Not rated,Not rated,Not rated,Not rated,Not rated,Not rated,Not rated,Not rated,Not rated,Not rated,Not rated,Not rated,Not rated,Not rated,Not rated,Not rated,Not rated,Not rated,Not rated,Not rated,Not rated,Not rated,Not rated,Not rated,Not rated,Not rated,Not rated,Not rated,Not rated,Not rated
27,"Comfortable,Casual,Minimalistic",https://na-kd.com/globalassets/nakd_babe_chest_tee_1018-001272-0321_01a.jpg?ref=55EC6C2D85,Not rated,Not rated,Not rated,Not rated,Not rated,Not rated,Not rated,Not rated,Not rated,Not rated,Not rated,Not rated,Not rated,Not rated,Not rated,Not rated,Not rated,Not rated,Not rated,Not rated,Not rated,Not rated,Not rated,Not rated,Not rated,Not rated,Not rated,False,False,False,True,False,False,False,False,False,False,False,True,False,False,False,False,False,False,True,Not rated,Not rated,Not rated,Not rated,Not rated,Not rated,Not rated,Not rated,Not rated,Not rated,Not rated,Not rated,Not rated,Not rated,Not rated,Not rated,Not rated,Not rated,Not rated,Not rated,Not rated,Not rated,Not rated,Not rated,Not rated,Not rated,Not rated,Not rated,Not rated,Not rated,Not rated,Not rated,Not rated,Not rated,Not rated,Not rated,Not rated,Not rated,Not rated
28,"Feminine,Form-fitting,Chic",https://na-kd.com/globalassets/nakd_asymmetric_neck_detail_top_1660-000126-0001_01a.jpg?ref=D94DFDB9DA,Not rated,Not rated,Not rated,Not rated,Not rated,Not rated,Not rated,Not rated,Not rated,Not rated,Not rated,Not rated,Not rated,Not rated,Not rated,Not rated,Not rated,Not rated,Not rated,Not rated,Not rated,Not rated,Not rated,Not rated,Not rated,Not rated,Not rated,True,True,True,True,False,True,True,True,True,False,False,False,True,True,False,True,False,False,False,Not rated,Not rated,Not rated,Not rated,Not rated,Not rated,Not rated,Not rated,Not rated,Not rated,Not rated,Not rated,Not rated,Not rated,Not rated,Not rated,Not rated,Not rated,Not rated,Not rated,Not rated,Not rated,Not rated,Not rated,Not rated,Not rated,Not rated,Not rated,Not rated,Not rated,Not rated,Not rated,Not rated,Not rated,Not rated,Not rated,Not rated,Not rated,Not rated
29,"Bohemian,Chic,Modest",https://na-kd.com/globalassets/mango_anabel_top_1587-001477-0140_03c.jpg?ref=A801374D29,Not rated,Not rated,Not rated,Not rated,Not rated,Not rated,Not rated,Not rated,Not rated,Not rated,Not rated,Not rated,Not rated,Not rated,Not rated,Not rated,Not rated,Not rated,Not rated,Not rated,Not rated,Not rated,Not rated,Not rated,Not rated,Not rated,Not rated,False,False,False,False,False,True,False,True,True,False,False,False,False,True,False,False,False,False,True,Not rated,Not rated,Not rated,Not rated,Not rated,Not rated,Not rated,Not rated,Not rated,Not rated,Not rated,Not rated,Not rated,Not rated,Not rated,Not rated,Not rated,Not rated,Not rated,Not rated,Not rated,Not rated,Not rated,Not rated,Not rated,Not rated,Not rated,Not rated,Not rated,Not rated,Not rated,Not rated,Not rated,Not rated,Not rated,Not rated,Not rated,Not rated,Not rated
30,"Feminine,Classic,Casual",https://na-kd.com/globalassets/nakd_andrea_badendyck_ruffle_knitted_top_1453-000087-0001_01a.jpg?ref=DDDE43C553,Not rated,Not rated,Not rated,Not rated,Not rated,Not rated,Not rated,Not rated,Not rated,Not rated,Not rated,Not rated,Not rated,Not rated,Not rated,Not rated,Not rated,Not rated,Not rated,Not rated,Not rated,Not rated,Not rated,Not rated,Not rated,Not rated,Not rated,False,True,False,True,False,True,True,True,True,False,True,False,True,True,True,False,False,False,False,Not rated,Not rated,Not rated,Not rated,Not rated,Not rated,Not rated,Not rated,Not rated,Not rated,Not rated,Not rated,Not rated,Not rated,Not rated,Not rated,Not rated,Not rated,Not rated,Not rated,Not rated,Not rated,Not rated,Not rated,Not rated,Not rated,Not rated,Not rated,Not rated,Not rated,Not rated,Not rated,Not rated,Not rated,Not rated,Not rated,Not rated,Not rated,Not rated
31,"Party,Feminine,Chic",https://na-kd.com/globalassets/glamorous_1418-000316-0001_01g.jpg?ref=C8FF6AD735,Not rated,Not rated,Not rated,Not rated,Not rated,Not rated,Not rated,Not rated,Not rated,Not rated,Not rated,Not rated,Not rated,Not rated,Not rated,Not rated,Not rated,Not rated,Not rated,Not rated,Not rated,Not rated,Not rated,Not rated,Not rated,Not rated,Not rated,True,True,True,True,False,True,True,True,True,False,False,False,False,True,True,True,False,False,True,Not rated,Not rated,Not rated,Not rated,Not rated,Not rated,Not rated,Not rated,Not rated,Not rated,Not rated,Not rated,Not rated,Not rated,Not rated,Not rated,Not rated,Not rated,Not rated,Not rated,Not rated,Not rated,Not rated,Not rated,Not rated,Not rated,Not rated,Not rated,Not rated,Not rated,Not rated,Not rated,Not rated,Not rated,Not rated,Not rated,Not rated,Not rated,Not rated
32,"Casual,Bold,Loose-fit",https://cdn.aboutstatic.com/file/images/7c8356812adf1517789a637f501857cb.jpg?brightness=0.96&quality=75&trim=1&height=1280&width=960,Not rated,Not rated,Not rated,Not rated,Not rated,Not rated,Not rated,Not rated,Not rated,Not rated,Not rated,Not rated,Not rated,Not rated,Not rated,Not rated,Not rated,Not rated,Not rated,Not rated,Not rated,Not rated,Not rated,Not rated,Not rated,Not rated,Not rated,False,False,True,False,False,False,False,False,False,False,False,False,True,False,False,False,False,False,True,Not rated,Not rated,Not rated,Not rated,Not rated,Not rated,Not rated,Not rated,Not rated,Not rated,Not rated,Not rated,Not rated,Not rated,Not rated,Not rated,Not rated,Not rated,Not rated,Not rated,Not rated,Not rated,Not rated,Not rated,Not rated,Not rated,Not rated,Not rated,Not rated,Not rated,Not rated,Not rated,Not rated,Not rated,Not rated,Not rated,Not rated,Not rated,Not rated
33,"Comfortable,Casual,Classic",https://esprit.scene7.com/is/image/esprit/991EO1K315_100_20? ùëÜùêπùê∂ùê∂ùêø,Not rated,Not rated,Not rated,Not rated,Not rated,Not rated,Not rated,Not rated,Not rated,Not rated,Not rated,Not rated,Not rated,Not rated,Not rated,Not rated,Not rated,Not rated,Not rated,Not rated,Not rated,Not rated,Not rated,Not rated,Not rated,Not rated,Not rated,False,False,False,True,False,True,False,False,True,False,False,True,True,False,False,False,False,False,True,Not rated,Not rated,Not rated,Not rated,Not rated,Not rated,Not rated,Not rated,Not rated,Not rated,Not rated,Not rated,Not rated,Not rated,Not rated,Not rated,Not rated,Not rated,Not rated,Not rated,Not rated,Not rated,Not rated,Not rated,Not rated,Not rated,Not rated,Not rated,Not rated,Not rated,Not rated,Not rated,Not rated,Not rated,Not rated,Not rated,Not rated,Not rated,Not rated
34,"Loose-fit,Casual,Comfortable",https://cdn.gutsgusto.com/pictures/medium/81051.webp,Not rated,Not rated,Not rated,Not rated,Not rated,Not rated,Not rated,Not rated,Not rated,Not rated,Not rated,Not rated,Not rated,Not rated,Not rated,Not rated,Not rated,Not rated,Not rated,Not rated,Not rated,Not rated,Not rated,Not rated,Not rated,Not rated,Not rated,True,False,True,False,False,True,True,True,True,False,True,True,False,False,True,False,False,False,False,Not rated,Not rated,Not rated,Not rated,Not rated,Not rated,Not rated,Not rated,Not rated,Not rated,Not rated,Not rated,Not rated,Not rated,Not rated,Not rated,Not rated,Not rated,Not rated,Not rated,Not rated,Not rated,Not rated,Not rated,Not rated,Not rated,Not rated,Not rated,Not rated,Not rated,Not rated,Not rated,Not rated,Not rated,Not rated,Not rated,Not rated,Not rated,Not rated
35,"Feminine,Chic,Comfortable",https://na-kd.com/globalassets/hanna_balloon_sleeve_frilled_sweater_1623-000043-4070_01a.jpg?ref=CEA1E9D872,Not rated,Not rated,Not rated,Not rated,Not rated,Not rated,Not rated,Not rated,Not rated,Not rated,Not rated,Not rated,Not rated,Not rated,Not rated,Not rated,Not rated,Not rated,Not rated,Not rated,Not rated,Not rated,Not rated,Not rated,Not rated,Not rated,Not rated,True,False,False,False,False,False,False,True,False,False,True,True,False,True,True,True,False,False,True,Not rated,Not rated,Not rated,Not rated,Not rated,Not rated,Not rated,Not rated,Not rated,Not rated,Not rated,Not rated,Not rated,Not rated,Not rated,Not rated,Not rated,Not rated,Not rated,Not rated,Not rated,Not rated,Not rated,Not rated,Not rated,Not rated,Not rated,Not rated,Not rated,Not rated,Not rated,Not rated,Not rated,Not rated,Not rated,Not rated,Not rated,Not rated,Not rated
36,"Feminine,Sexy,Romantic",https://na-kd.com/globalassets/nakd_balloon_long_sleeved_cropped_top_1018-005418-0001_01a.jpg?ref=D4D21B443A,Not rated,Not rated,Not rated,Not rated,Not rated,Not rated,Not rated,Not rated,Not rated,Not rated,Not rated,Not rated,Not rated,Not rated,Not rated,Not rated,Not rated,Not rated,Not rated,Not rated,Not rated,Not rated,Not rated,Not rated,Not rated,Not rated,Not rated,True,True,True,True,False,True,True,True,True,False,False,False,True,True,True,False,False,False,False,Not rated,Not rated,Not rated,Not rated,Not rated,Not rated,Not rated,Not rated,Not rated,Not rated,Not rated,Not rated,Not rated,Not rated,Not rated,Not rated,Not rated,Not rated,Not rated,Not rated,Not rated,Not rated,Not rated,Not rated,Not rated,Not rated,Not rated,Not rated,Not rated,Not rated,Not rated,Not rated,Not rated,Not rated,Not rated,Not rated,Not rated,Not rated,Not rated
37,"Colorful,Loose-fit,Eclectic",https://cdn.aboutstatic.com/file/images/50a1a35a6553c47a9111d4f28e9a512f.png?bg=F4F4F5&quality=75&trim=1&height=1280&width=960,Not rated,Not rated,Not rated,Not rated,Not rated,Not rated,Not rated,Not rated,Not rated,Not rated,Not rated,Not rated,Not rated,Not rated,Not rated,Not rated,Not rated,Not rated,Not rated,Not rated,Not rated,Not rated,Not rated,Not rated,Not rated,Not rated,Not rated,False,False,False,False,False,False,False,False,False,False,False,False,True,False,False,False,False,False,False,Not rated,Not rated,Not rated,Not rated,Not rated,Not rated,Not rated,Not rated,Not rated,Not rated,Not rated,Not rated,Not rated,Not rated,Not rated,Not rated,Not rated,Not rated,Not rated,Not rated,Not rated,Not rated,Not rated,Not rated,Not rated,Not rated,Not rated,Not rated,Not rated,Not rated,Not rated,Not rated,Not rated,Not rated,Not rated,Not rated,Not rated,Not rated,Not rated
38,"Feminine,Romantic,Chic",https://na-kd.com/globalassets/nakd_asymmetric_shoulder_shirt_1018-001178-0115_01a.jpg?ref=D91F89A2CD,Not rated,Not rated,Not rated,Not rated,Not rated,Not rated,Not rated,Not rated,Not rated,Not rated,Not rated,Not rated,Not rated,Not rated,Not rated,Not rated,Not rated,Not rated,Not rated,Not rated,Not rated,Not rated,Not rated,Not rated,Not rated,Not rated,Not rated,False,True,False,False,False,True,True,True,False,False,False,False,False,False,False,False,False,False,False,Not rated,Not rated,Not rated,Not rated,Not rated,Not rated,Not rated,Not rated,Not rated,Not rated,Not rated,Not rated,Not rated,Not rated,Not rated,Not rated,Not rated,Not rated,Not rated,Not rated,Not rated,Not rated,Not rated,Not rated,Not rated,Not rated,Not rated,Not rated,Not rated,Not rated,Not rated,Not rated,Not rated,Not rated,Not rated,Not rated,Not rated,Not rated,Not rated
39,"Chic,Feminine,Casual",https://na-kd.com/globalassets/nakd_balloon_sleeve_v-neck_shirt_1018-005119-7748_01a.jpg?ref=036FA93A77,Not rated,Not rated,Not rated,Not rated,Not rated,Not rated,Not rated,Not rated,Not rated,Not rated,Not rated,Not rated,Not rated,Not rated,Not rated,Not rated,Not rated,Not rated,Not rated,Not rated,Not rated,Not rated,Not rated,Not rated,Not rated,Not rated,Not rated,True,False,True,True,False,True,False,True,True,False,True,False,False,False,True,False,False,False,True,Not rated,Not rated,Not rated,Not rated,Not rated,Not rated,Not rated,Not rated,Not rated,Not rated,Not rated,Not rated,Not rated,Not rated,Not rated,Not rated,Not rated,Not rated,Not rated,Not rated,Not rated,Not rated,Not rated,Not rated,Not rated,Not rated,Not rated,Not rated,Not rated,Not rated,Not rated,Not rated,Not rated,Not rated,Not rated,Not rated,Not rated,Not rated,Not rated
40,"Playful,Colorful,Bold",https://na-kd.com/globalassets/nakd_ballon_sleeve_leo_blouse_1014-000696-0141_01a_r.jpg?ref=57348792D9,Not rated,Not rated,Not rated,Not rated,Not rated,Not rated,Not rated,Not rated,Not rated,Not rated,Not rated,Not rated,Not rated,Not rated,Not rated,Not rated,Not rated,Not rated,Not rated,Not rated,Not rated,Not rated,Not rated,Not rated,Not rated,Not rated,Not rated,False,False,False,False,False,False,True,False,False,False,True,False,False,True,False,False,False,False,False,Not rated,Not rated,Not rated,Not rated,Not rated,Not rated,Not rated,Not rated,Not rated,Not rated,Not rated,Not rated,Not rated,Not rated,Not rated,Not rated,Not rated,Not rated,Not rated,Not rated,Not rated,Not rated,Not rated,Not rated,Not rated,Not rated,Not rated,Not rated,Not rated,Not rated,Not rated,Not rated,Not rated,Not rated,Not rated,Not rated,Not rated,Not rated,Not rated
41,"Casual,Comfortable,Classic",https://na-kd.com/globalassets/nakd_basic-sweater_1044-000019-0140_r1.jpg?ref=BC29205853,Not rated,Not rated,Not rated,Not rated,Not rated,Not rated,Not rated,Not rated,Not rated,Not rated,Not rated,Not rated,Not rated,Not rated,Not rated,Not rated,Not rated,Not rated,Not rated,Not rated,Not rated,Not rated,Not rated,Not rated,Not rated,Not rated,Not rated,True,False,True,True,False,True,True,True,True,False,True,True,True,True,True,True,False,False,True,Not rated,Not rated,Not rated,Not rated,Not rated,Not rated,Not rated,Not rated,Not rated,Not rated,Not rated,Not rated,Not rated,Not rated,Not rated,Not rated,Not rated,Not rated,Not rated,Not rated,Not rated,Not rated,Not rated,Not rated,Not rated,Not rated,Not rated,Not rated,Not rated,Not rated,Not rated,Not rated,Not rated,Not rated,Not rated,Not rated,Not rated,Not rated,Not rated
42,"Sexy,Feminine,Party",https://cdn.aboutstatic.com/file/images/146f31f5405921eb89f3236e95df8631.png?bg=F4F4F5&quality=75&trim=1&height=1280&width=960	,Not rated,Not rated,Not rated,Not rated,Not rated,Not rated,Not rated,Not rated,Not rated,Not rated,Not rated,Not rated,Not rated,Not rated,Not rated,Not rated,Not rated,Not rated,Not rated,Not rated,Not rated,Not rated,Not rated,Not rated,Not rated,Not rated,Not rated,False,True,True,True,False,True,True,True,False,False,True,False,True,True,True,False,False,False,True,Not rated,Not rated,Not rated,Not rated,Not rated,Not rated,Not rated,Not rated,Not rated,Not rated,Not rated,Not rated,Not rated,Not rated,Not rated,Not rated,Not rated,Not rated,Not rated,Not rated,Not rated,Not rated,Not rated,Not rated,Not rated,Not rated,Not rated,Not rated,Not rated,Not rated,Not rated,Not rated,Not rated,Not rated,Not rated,Not rated,Not rated,Not rated,Not rated
43,"Business,Comfortable,Form-fitting",https://na-kd.com/globalassets/drdenim_awa_top-1575-000085-0002_01g.jpg?ref=B1AFDC2406,Not rated,Not rated,Not rated,Not rated,Not rated,Not rated,Not rated,Not rated,Not rated,Not rated,Not rated,Not rated,Not rated,Not rated,Not rated,Not rated,Not rated,Not rated,Not rated,Not rated,Not rated,Not rated,Not rated,Not rated,Not rated,Not rated,Not rated,True,False,True,True,False,True,True,True,True,False,True,True,True,True,True,True,False,False,True,Not rated,Not rated,Not rated,Not rated,Not rated,Not rated,Not rated,Not rated,Not rated,Not rated,Not rated,Not rated,Not rated,Not rated,Not rated,Not rated,Not rated,Not rated,Not rated,Not rated,Not rated,Not rated,Not rated,Not rated,Not rated,Not rated,Not rated,Not rated,Not rated,Not rated,Not rated,Not rated,Not rated,Not rated,Not rated,Not rated,Not rated,Not rated,Not rated
44,"Comfortable,Loose-fit,Casual",https://na-kd.com/globalassets/nicci_balance_sweater_1626-000047-0046_02a.jpg?ref=EE7D3BFA54,Not rated,Not rated,Not rated,Not rated,Not rated,Not rated,Not rated,Not rated,Not rated,Not rated,Not rated,Not rated,Not rated,Not rated,Not rated,Not rated,Not rated,Not rated,Not rated,Not rated,Not rated,Not rated,Not rated,Not rated,Not rated,Not rated,Not rated,False,False,True,True,False,False,False,True,False,False,True,True,True,True,True,False,False,False,True,Not rated,Not rated,Not rated,Not rated,Not rated,Not rated,Not rated,Not rated,Not rated,Not rated,Not rated,Not rated,Not rated,Not rated,Not rated,Not rated,Not rated,Not rated,Not rated,Not rated,Not rated,Not rated,Not rated,Not rated,Not rated,Not rated,Not rated,Not rated,Not rated,Not rated,Not rated,Not rated,Not rated,Not rated,Not rated,Not rated,Not rated,Not rated,Not rated
45,"Casual,Comfortable,Loose-fit",https://esprit.scene7.com/is/image/esprit/071EE1K332_110_20? ùëÜùêπùê∂ùê∂ùêø,Not rated,Not rated,Not rated,Not rated,Not rated,Not rated,Not rated,Not rated,Not rated,Not rated,Not rated,Not rated,Not rated,Not rated,Not rated,Not rated,Not rated,Not rated,Not rated,Not rated,Not rated,Not rated,Not rated,Not rated,Not rated,Not rated,Not rated,False,False,False,False,False,False,False,False,False,False,False,False,False,False,False,False,False,False,False,Not rated,Not rated,Not rated,Not rated,Not rated,Not rated,Not rated,Not rated,Not rated,Not rated,Not rated,Not rated,Not rated,Not rated,Not rated,Not rated,Not rated,Not rated,Not rated,Not rated,Not rated,Not rated,Not rated,Not rated,Not rated,Not rated,Not rated,Not rated,Not rated,Not rated,Not rated,Not rated,Not rated,Not rated,Not rated,Not rated,Not rated,Not rated,Not rated
46,"Bold,Casual,Contemporary",https://na-kd.com/globalassets/nakd_army_jacket_green_camo_1100-000128-0259_01a_r2.jpg?ref=80788A99D2,Not rated,Not rated,Not rated,Not rated,Not rated,Not rated,Not rated,Not rated,Not rated,Not rated,Not rated,Not rated,Not rated,Not rated,Not rated,Not rated,Not rated,Not rated,Not rated,Not rated,Not rated,Not rated,Not rated,Not rated,Not rated,Not rated,Not rated,False,False,False,False,False,True,False,True,False,False,False,True,True,True,False,False,False,False,True,Not rated,Not rated,Not rated,Not rated,Not rated,Not rated,Not rated,Not rated,Not rated,Not rated,Not rated,Not rated,Not rated,Not rated,Not rated,Not rated,Not rated,Not rated,Not rated,Not rated,Not rated,Not rated,Not rated,Not rated,Not rated,Not rated,Not rated,Not rated,Not rated,Not rated,Not rated,Not rated,Not rated,Not rated,Not rated,Not rated,Not rated,Not rated,Not rated
47,"Feminine,Playful,Bold",https://cdn.gutsgusto.com/pictures/medium/81884.webp,Not rated,Not rated,Not rated,Not rated,Not rated,Not rated,Not rated,Not rated,Not rated,Not rated,Not rated,Not rated,Not rated,Not rated,Not rated,Not rated,Not rated,Not rated,Not rated,Not rated,Not rated,Not rated,Not rated,Not rated,Not rated,Not rated,Not rated,True,False,True,False,False,True,True,True,True,False,True,False,False,False,True,False,False,False,False,Not rated,Not rated,Not rated,Not rated,Not rated,Not rated,Not rated,Not rated,Not rated,Not rated,Not rated,Not rated,Not rated,Not rated,Not rated,Not rated,Not rated,Not rated,Not rated,Not rated,Not rated,Not rated,Not rated,Not rated,Not rated,Not rated,Not rated,Not rated,Not rated,Not rated,Not rated,Not rated,Not rated,Not rated,Not rated,Not rated,Not rated,Not rated,Not rated
48,"Casual,Comfortable,Formal",https://esprit.scene7.com/is/image/esprit/061EE1K347_003_20? ùëÜùêπùê∂ùê∂ùêø,Not rated,Not rated,Not rated,Not rated,Not rated,Not rated,Not rated,Not rated,Not rated,Not rated,Not rated,Not rated,Not rated,Not rated,Not rated,Not rated,Not rated,Not rated,Not rated,Not rated,Not rated,Not rated,Not rated,Not rated,Not rated,Not rated,Not rated,False,False,False,False,False,False,False,False,False,False,False,True,False,False,False,False,False,False,False,Not rated,Not rated,Not rated,Not rated,Not rated,Not rated,Not rated,Not rated,Not rated,Not rated,Not rated,Not rated,Not rated,Not rated,Not rated,Not rated,Not rated,Not rated,Not rated,Not rated,Not rated,Not rated,Not rated,Not rated,Not rated,Not rated,Not rated,Not rated,Not rated,Not rated,Not rated,Not rated,Not rated,Not rated,Not rated,Not rated,Not rated,Not rated,Not rated
49,"Casual,Comfortable,Classic",https://esprit.scene7.com/is/image/esprit/071EE1K310_220_10? ùëÜùêπùê∂ùê∂ùêø,Not rated,Not rated,Not rated,Not rated,Not rated,Not rated,Not rated,Not rated,Not rated,Not rated,Not rated,Not rated,Not rated,Not rated,Not rated,Not rated,Not rated,Not rated,Not rated,Not rated,Not rated,Not rated,Not rated,Not rated,Not rated,Not rated,Not rated,True,False,True,False,False,False,False,False,False,False,False,True,True,True,False,False,False,False,True,Not rated,Not rated,Not rated,Not rated,Not rated,Not rated,Not rated,Not rated,Not rated,Not rated,Not rated,Not rated,Not rated,Not rated,Not rated,Not rated,Not rated,Not rated,Not rated,Not rated,Not rated,Not rated,Not rated,Not rated,Not rated,Not rated,Not rated,Not rated,Not rated,Not rated,Not rated,Not rated,Not rated,Not rated,Not rated,Not rated,Not rated,Not rated,Not rated
50,"Feminine,Chic,Bohemian",https://na-kd.com/globalassets/nakd_ballon_sleeve_snake_shirt_1018-001827-8695_01a.jpg?ref=0FA21DDB40,Not rated,Not rated,Not rated,Not rated,Not rated,Not rated,Not rated,Not rated,Not rated,Not rated,Not rated,Not rated,Not rated,Not rated,Not rated,Not rated,Not rated,Not rated,Not rated,Not rated,Not rated,Not rated,Not rated,Not rated,Not rated,Not rated,Not rated,True,False,True,True,False,True,True,True,True,False,False,False,False,True,True,True,False,False,False,Not rated,Not rated,Not rated,Not rated,Not rated,Not rated,Not rated,Not rated,Not rated,Not rated,Not rated,Not rated,Not rated,Not rated,Not rated,Not rated,Not rated,Not rated,Not rated,Not rated,Not rated,Not rated,Not rated,Not rated,Not rated,Not rated,Not rated,Not rated,Not rated,Not rated,Not rated,Not rated,Not rated,Not rated,Not rated,Not rated,Not rated,Not rated,Not rated
51,"Casual,Loose-fit,Comfortable",https://na-kd.com/globalassets/nakd_basic_v_neck_knitted_sweater_1100-003546-0052_01c.jpg?ref=67F4529A0A,Not rated,Not rated,Not rated,Not rated,Not rated,Not rated,Not rated,Not rated,Not rated,Not rated,Not rated,Not rated,Not rated,Not rated,Not rated,Not rated,Not rated,Not rated,Not rated,Not rated,Not rated,Not rated,Not rated,Not rated,Not rated,Not rated,Not rated,Not rated,Not rated,Not rated,Not rated,Not rated,Not rated,Not rated,Not rated,Not rated,Not rated,Not rated,Not rated,Not rated,Not rated,Not rated,Not rated,Not rated,Not rated,Not rated,True,True,True,False,False,False,False,False,False,True,True,True,False,False,False,True,True,False,False,False,Not rated,Not rated,Not rated,Not rated,Not rated,Not rated,Not rated,Not rated,Not rated,Not rated,Not rated,Not rated,Not rated,Not rated,Not rated,Not rated,Not rated,Not rated,Not rated
52,"Classic,Colorful,Casual",https://na-kd.com/globalassets/mango_amiran_sweater_1587-000917-8471_01a.jpg?ref=B6E99FA061,Not rated,Not rated,Not rated,Not rated,Not rated,Not rated,Not rated,Not rated,Not rated,Not rated,Not rated,Not rated,Not rated,Not rated,Not rated,Not rated,Not rated,Not rated,Not rated,Not rated,Not rated,Not rated,Not rated,Not rated,Not rated,Not rated,Not rated,Not rated,Not rated,Not rated,Not rated,Not rated,Not rated,Not rated,Not rated,Not rated,Not rated,Not rated,Not rated,Not rated,Not rated,Not rated,Not rated,Not rated,Not rated,Not rated,True,False,True,False,False,True,False,False,False,True,True,True,True,False,True,True,False,False,True,True,Not rated,Not rated,Not rated,Not rated,Not rated,Not rated,Not rated,Not rated,Not rated,Not rated,Not rated,Not rated,Not rated,Not rated,Not rated,Not rated,Not rated,Not rated,Not rated
53,"Chic,Classic,Feminine",https://na-kd.com/globalassets/nakd_asymmetric_neckline_mesh_top-1018-004579-0002_01j.jpg?ref=945847A803,Not rated,Not rated,Not rated,Not rated,Not rated,Not rated,Not rated,Not rated,Not rated,Not rated,Not rated,Not rated,Not rated,Not rated,Not rated,Not rated,Not rated,Not rated,Not rated,Not rated,Not rated,Not rated,Not rated,Not rated,Not rated,Not rated,Not rated,Not rated,Not rated,Not rated,Not rated,Not rated,Not rated,Not rated,Not rated,Not rated,Not rated,Not rated,Not rated,Not rated,Not rated,Not rated,Not rated,Not rated,Not rated,Not rated,False,True,True,False,False,True,False,False,True,True,False,True,False,False,True,True,False,False,True,False,Not rated,Not rated,Not rated,Not rated,Not rated,Not rated,Not rated,Not rated,Not rated,Not rated,Not rated,Not rated,Not rated,Not rated,Not rated,Not rated,Not rated,Not rated,Not rated
54,"Casual,Loose-fit,Colorful",https://na-kd.com/globalassets/nakd_sleeve_top_1018-004399-0010_01a.jpg?ref=A9F0672FC6,Not rated,Not rated,Not rated,Not rated,Not rated,Not rated,Not rated,Not rated,Not rated,Not rated,Not rated,Not rated,Not rated,Not rated,Not rated,Not rated,Not rated,Not rated,Not rated,Not rated,Not rated,Not rated,Not rated,Not rated,Not rated,Not rated,Not rated,Not rated,Not rated,Not rated,Not rated,Not rated,Not rated,Not rated,Not rated,Not rated,Not rated,Not rated,Not rated,Not rated,Not rated,Not rated,Not rated,Not rated,Not rated,Not rated,False,False,False,False,False,True,False,False,False,True,False,True,False,False,False,False,False,False,False,False,Not rated,Not rated,Not rated,Not rated,Not rated,Not rated,Not rated,Not rated,Not rated,Not rated,Not rated,Not rated,Not rated,Not rated,Not rated,Not rated,Not rated,Not rated,Not rated
55,"Casual,Classic,Comfortable",https://esprit.scene7.com/is/image/esprit/991CC1K325_001_20? ùëÜùêπùê∂ùê∂ùêø 	,Not rated,Not rated,Not rated,Not rated,Not rated,Not rated,Not rated,Not rated,Not rated,Not rated,Not rated,Not rated,Not rated,Not rated,Not rated,Not rated,Not rated,Not rated,Not rated,Not rated,Not rated,Not rated,Not rated,Not rated,Not rated,Not rated,Not rated,Not rated,Not rated,Not rated,Not rated,Not rated,Not rated,Not rated,Not rated,Not rated,Not rated,Not rated,Not rated,Not rated,Not rated,Not rated,Not rated,Not rated,Not rated,Not rated,True,True,False,False,False,False,False,False,True,True,True,False,True,False,False,False,True,False,False,False,Not rated,Not rated,Not rated,Not rated,Not rated,Not rated,Not rated,Not rated,Not rated,Not rated,Not rated,Not rated,Not rated,Not rated,Not rated,Not rated,Not rated,Not rated,Not rated
56,"Chic,Playful,Casual",https://na-kd.com/globalassets/nakd_asymmetric_shoulder_top_1660-000895-0002_01.jpg?ref=7A657D1D46,Not rated,Not rated,Not rated,Not rated,Not rated,Not rated,Not rated,Not rated,Not rated,Not rated,Not rated,Not rated,Not rated,Not rated,Not rated,Not rated,Not rated,Not rated,Not rated,Not rated,Not rated,Not rated,Not rated,Not rated,Not rated,Not rated,Not rated,Not rated,Not rated,Not rated,Not rated,Not rated,Not rated,Not rated,Not rated,Not rated,Not rated,Not rated,Not rated,Not rated,Not rated,Not rated,Not rated,Not rated,Not rated,Not rated,True,True,True,False,False,True,False,False,True,True,True,True,True,False,False,False,True,False,True,True,Not rated,Not rated,Not rated,Not rated,Not rated,Not rated,Not rated,Not rated,Not rated,Not rated,Not rated,Not rated,Not rated,Not rated,Not rated,Not rated,Not rated,Not rated,Not rated
57,"Comfortable,Loose-fit,Casual",https://na-kd.com/globalassets/nakd_alpaca_blend_overlap_knitted_sweater_1100-003608-0008_04g.jpg?ref=B302511684,Not rated,Not rated,Not rated,Not rated,Not rated,Not rated,Not rated,Not rated,Not rated,Not rated,Not rated,Not rated,Not rated,Not rated,Not rated,Not rated,Not rated,Not rated,Not rated,Not rated,Not rated,Not rated,Not rated,Not rated,Not rated,Not rated,Not rated,Not rated,Not rated,Not rated,Not rated,Not rated,Not rated,Not rated,Not rated,Not rated,Not rated,Not rated,Not rated,Not rated,Not rated,Not rated,Not rated,Not rated,Not rated,Not rated,True,True,False,False,False,True,False,False,False,True,False,True,False,False,False,False,True,False,False,False,Not rated,Not rated,Not rated,Not rated,Not rated,Not rated,Not rated,Not rated,Not rated,Not rated,Not rated,Not rated,Not rated,Not rated,Not rated,Not rated,Not rated,Not rated,Not rated
58,"Party,Sexy,Luxury",https://na-kd.com/globalassets/nakd_balloon_sleeve_v-neck_sequin_blouse_1017-000601-0002_01a_r.jpg?ref=F04C9E136B,Not rated,Not rated,Not rated,Not rated,Not rated,Not rated,Not rated,Not rated,Not rated,Not rated,Not rated,Not rated,Not rated,Not rated,Not rated,Not rated,Not rated,Not rated,Not rated,Not rated,Not rated,Not rated,Not rated,Not rated,Not rated,Not rated,Not rated,Not rated,Not rated,Not rated,Not rated,Not rated,Not rated,Not rated,Not rated,Not rated,Not rated,Not rated,Not rated,Not rated,Not rated,Not rated,Not rated,Not rated,Not rated,Not rated,False,True,False,False,False,True,False,False,True,False,False,True,False,False,True,True,False,False,True,True,Not rated,Not rated,Not rated,Not rated,Not rated,Not rated,Not rated,Not rated,Not rated,Not rated,Not rated,Not rated,Not rated,Not rated,Not rated,Not rated,Not rated,Not rated,Not rated
59,"Comfortable,Feminine,Casual",https://na-kd.com/globalassets/nakd_babylock_lounge_cropped_singlet_1044-000124-0047_01a.jpg?ref=A5C216EA5A,Not rated,Not rated,Not rated,Not rated,Not rated,Not rated,Not rated,Not rated,Not rated,Not rated,Not rated,Not rated,Not rated,Not rated,Not rated,Not rated,Not rated,Not rated,Not rated,Not rated,Not rated,Not rated,Not rated,Not rated,Not rated,Not rated,Not rated,Not rated,Not rated,Not rated,Not rated,Not rated,Not rated,Not rated,Not rated,Not rated,Not rated,Not rated,Not rated,Not rated,Not rated,Not rated,Not rated,Not rated,Not rated,Not rated,False,True,True,False,False,True,False,False,False,False,False,True,True,False,False,True,True,False,False,False,Not rated,Not rated,Not rated,Not rated,Not rated,Not rated,Not rated,Not rated,Not rated,Not rated,Not rated,Not rated,Not rated,Not rated,Not rated,Not rated,Not rated,Not rated,Not rated
60,"Colorful,Comfortable,Loose-fit",https://na-kd.com/globalassets/nakd_applique_oversized_sweater_1018-004096-4070_01a.jpg?ref=65A1FF2F02,Not rated,Not rated,Not rated,Not rated,Not rated,Not rated,Not rated,Not rated,Not rated,Not rated,Not rated,Not rated,Not rated,Not rated,Not rated,Not rated,Not rated,Not rated,Not rated,Not rated,Not rated,Not rated,Not rated,Not rated,Not rated,Not rated,Not rated,Not rated,Not rated,Not rated,Not rated,Not rated,Not rated,Not rated,Not rated,Not rated,Not rated,Not rated,Not rated,Not rated,Not rated,Not rated,Not rated,Not rated,Not rated,Not rated,False,False,False,False,False,False,False,False,False,False,True,False,False,False,False,False,False,False,False,False,Not rated,Not rated,Not rated,Not rated,Not rated,Not rated,Not rated,Not rated,Not rated,Not rated,Not rated,Not rated,Not rated,Not rated,Not rated,Not rated,Not rated,Not rated,Not rated
61,"Chic,Business,Feminine",https://cdn.gutsgusto.com/pictures/medium/82866-1.webp,Not rated,Not rated,Not rated,Not rated,Not rated,Not rated,Not rated,Not rated,Not rated,Not rated,Not rated,Not rated,Not rated,Not rated,Not rated,Not rated,Not rated,Not rated,Not rated,Not rated,Not rated,Not rated,Not rated,Not rated,Not rated,Not rated,Not rated,Not rated,Not rated,Not rated,Not rated,Not rated,Not rated,Not rated,Not rated,Not rated,Not rated,Not rated,Not rated,Not rated,Not rated,Not rated,Not rated,Not rated,Not rated,Not rated,True,True,True,False,False,True,False,False,True,True,True,True,False,False,False,True,True,False,True,False,Not rated,Not rated,Not rated,Not rated,Not rated,Not rated,Not rated,Not rated,Not rated,Not rated,Not rated,Not rated,Not rated,Not rated,Not rated,Not rated,Not rated,Not rated,Not rated
62,"Colorful,Feminine,Casual",https://na-kd.com/globalassets/nakd_asymmetric_frill_long_sleeve_blouse_1100-000448-0004_01a.jpg?ref=F8543FDD6A,Not rated,Not rated,Not rated,Not rated,Not rated,Not rated,Not rated,Not rated,Not rated,Not rated,Not rated,Not rated,Not rated,Not rated,Not rated,Not rated,Not rated,Not rated,Not rated,Not rated,Not rated,Not rated,Not rated,Not rated,Not rated,Not rated,Not rated,Not rated,Not rated,Not rated,Not rated,Not rated,Not rated,Not rated,Not rated,Not rated,Not rated,Not rated,Not rated,Not rated,Not rated,Not rated,Not rated,Not rated,Not rated,Not rated,False,False,True,False,False,False,False,False,True,False,True,True,False,False,False,True,True,False,True,True,Not rated,Not rated,Not rated,Not rated,Not rated,Not rated,Not rated,Not rated,Not rated,Not rated,Not rated,Not rated,Not rated,Not rated,Not rated,Not rated,Not rated,Not rated,Not rated
63,"Chic,Loose-fit,Casual",https://na-kd.com/globalassets/nakd_balloon_sleeve_structured_rose_blouse_1018-003737-0115_01a.jpg?ref=97065715A5,Not rated,Not rated,Not rated,Not rated,Not rated,Not rated,Not rated,Not rated,Not rated,Not rated,Not rated,Not rated,Not rated,Not rated,Not rated,Not rated,Not rated,Not rated,Not rated,Not rated,Not rated,Not rated,Not rated,Not rated,Not rated,Not rated,Not rated,Not rated,Not rated,Not rated,Not rated,Not rated,Not rated,Not rated,Not rated,Not rated,Not rated,Not rated,Not rated,Not rated,Not rated,Not rated,Not rated,Not rated,Not rated,Not rated,True,True,False,False,False,False,False,False,False,True,False,True,False,False,False,True,True,False,False,True,Not rated,Not rated,Not rated,Not rated,Not rated,Not rated,Not rated,Not rated,Not rated,Not rated,Not rated,Not rated,Not rated,Not rated,Not rated,Not rated,Not rated,Not rated,Not rated
64,"Comfortable,Casual,Minimalistic",https://na-kd.com/globalassets/nakd_babe_sweatshirt_1100-001292-0138_01a.jpg?ref=E80D2EA262,Not rated,Not rated,Not rated,Not rated,Not rated,Not rated,Not rated,Not rated,Not rated,Not rated,Not rated,Not rated,Not rated,Not rated,Not rated,Not rated,Not rated,Not rated,Not rated,Not rated,Not rated,Not rated,Not rated,Not rated,Not rated,Not rated,Not rated,Not rated,Not rated,Not rated,Not rated,Not rated,Not rated,Not rated,Not rated,Not rated,Not rated,Not rated,Not rated,Not rated,Not rated,Not rated,Not rated,Not rated,Not rated,Not rated,False,False,False,False,False,True,False,False,True,False,True,False,True,False,True,True,True,False,False,False,Not rated,Not rated,Not rated,Not rated,Not rated,Not rated,Not rated,Not rated,Not rated,Not rated,Not rated,Not rated,Not rated,Not rated,Not rated,Not rated,Not rated,Not rated,Not rated
65,"Casual,Designer,Form-fitting",https://cdn.aboutstatic.com/file/images/700f725a18901d05ec574fd04f98a531.jpg?brightness=0.96&quality=75&trim=1&height=1280&width=960,Not rated,Not rated,Not rated,Not rated,Not rated,Not rated,Not rated,Not rated,Not rated,Not rated,Not rated,Not rated,Not rated,Not rated,Not rated,Not rated,Not rated,Not rated,Not rated,Not rated,Not rated,Not rated,Not rated,Not rated,Not rated,Not rated,Not rated,Not rated,Not rated,Not rated,Not rated,Not rated,Not rated,Not rated,Not rated,Not rated,Not rated,Not rated,Not rated,Not rated,Not rated,Not rated,Not rated,Not rated,Not rated,Not rated,False,False,False,False,False,False,False,False,False,False,False,False,False,False,False,False,False,False,False,False,Not rated,Not rated,Not rated,Not rated,Not rated,Not rated,Not rated,Not rated,Not rated,Not rated,Not rated,Not rated,Not rated,Not rated,Not rated,Not rated,Not rated,Not rated,Not rated
66,"Loose-fit,Bohemian,Comfortable",https://na-kd.com/globalassets/nakd_babydoll_blouse_1018-004753-0115_01c.jpg?ref=F4762E793E,Not rated,Not rated,Not rated,Not rated,Not rated,Not rated,Not rated,Not rated,Not rated,Not rated,Not rated,Not rated,Not rated,Not rated,Not rated,Not rated,Not rated,Not rated,Not rated,Not rated,Not rated,Not rated,Not rated,Not rated,Not rated,Not rated,Not rated,Not rated,Not rated,Not rated,Not rated,Not rated,Not rated,Not rated,Not rated,Not rated,Not rated,Not rated,Not rated,Not rated,Not rated,Not rated,Not rated,Not rated,Not rated,Not rated,False,False,False,False,False,True,False,False,False,False,False,False,False,False,False,True,False,False,False,False,Not rated,Not rated,Not rated,Not rated,Not rated,Not rated,Not rated,Not rated,Not rated,Not rated,Not rated,Not rated,Not rated,Not rated,Not rated,Not rated,Not rated,Not rated,Not rated
67,"Comfortable,Loose-fit,Casual",https://na-kd.com/globalassets/nakd_basic_hoodie_1044-000022-0212_01gr.jpg?ref=D628B6708F,Not rated,Not rated,Not rated,Not rated,Not rated,Not rated,Not rated,Not rated,Not rated,Not rated,Not rated,Not rated,Not rated,Not rated,Not rated,Not rated,Not rated,Not rated,Not rated,Not rated,Not rated,Not rated,Not rated,Not rated,Not rated,Not rated,Not rated,Not rated,Not rated,Not rated,Not rated,Not rated,Not rated,Not rated,Not rated,Not rated,Not rated,Not rated,Not rated,Not rated,Not rated,Not rated,Not rated,Not rated,Not rated,Not rated,False,False,True,False,False,False,False,False,True,False,True,True,True,False,False,True,True,False,False,True,Not rated,Not rated,Not rated,Not rated,Not rated,Not rated,Not rated,Not rated,Not rated,Not rated,Not rated,Not rated,Not rated,Not rated,Not rated,Not rated,Not rated,Not rated,Not rated
68,"Colorful,Feminine,Playful",https://na-kd.com/globalassets/andrea_hedenstedt_ballon_sleeve_shirt_1520-100088-0261_01a.jpg?ref=82D1AFB174,Not rated,Not rated,Not rated,Not rated,Not rated,Not rated,Not rated,Not rated,Not rated,Not rated,Not rated,Not rated,Not rated,Not rated,Not rated,Not rated,Not rated,Not rated,Not rated,Not rated,Not rated,Not rated,Not rated,Not rated,Not rated,Not rated,Not rated,Not rated,Not rated,Not rated,Not rated,Not rated,Not rated,Not rated,Not rated,Not rated,Not rated,Not rated,Not rated,Not rated,Not rated,Not rated,Not rated,Not rated,Not rated,Not rated,False,False,False,False,False,True,False,False,True,False,True,True,True,False,False,True,False,False,False,True,Not rated,Not rated,Not rated,Not rated,Not rated,Not rated,Not rated,Not rated,Not rated,Not rated,Not rated,Not rated,Not rated,Not rated,Not rated,Not rated,Not rated,Not rated,Not rated
69,"Sexy,Feminine,Chic",https://na-kd.com/globalassets/nakd_asymmetric_gathered_top_1018-004537-0212_01j.jpg?ref=02AF3EA7A0,Not rated,Not rated,Not rated,Not rated,Not rated,Not rated,Not rated,Not rated,Not rated,Not rated,Not rated,Not rated,Not rated,Not rated,Not rated,Not rated,Not rated,Not rated,Not rated,Not rated,Not rated,Not rated,Not rated,Not rated,Not rated,Not rated,Not rated,Not rated,Not rated,Not rated,Not rated,Not rated,Not rated,Not rated,Not rated,Not rated,Not rated,Not rated,Not rated,Not rated,Not rated,Not rated,Not rated,Not rated,Not rated,Not rated,True,True,True,False,False,True,False,False,True,False,False,True,True,False,False,True,True,False,True,True,Not rated,Not rated,Not rated,Not rated,Not rated,Not rated,Not rated,Not rated,Not rated,Not rated,Not rated,Not rated,Not rated,Not rated,Not rated,Not rated,Not rated,Not rated,Not rated
70,"Colorful,Casual,Playful",https://na-kd.com/globalassets/201102_angelica_blick_babylock_ribbed_top_1692-000013-0003_01a.jpg?ref=B551C2FF5E,Not rated,Not rated,Not rated,Not rated,Not rated,Not rated,Not rated,Not rated,Not rated,Not rated,Not rated,Not rated,Not rated,Not rated,Not rated,Not rated,Not rated,Not rated,Not rated,Not rated,Not rated,Not rated,Not rated,Not rated,Not rated,Not rated,Not rated,Not rated,Not rated,Not rated,Not rated,Not rated,Not rated,Not rated,Not rated,Not rated,Not rated,Not rated,Not rated,Not rated,Not rated,Not rated,Not rated,Not rated,Not rated,Not rated,False,False,True,False,False,False,False,False,False,False,False,True,False,False,False,True,False,False,False,False,Not rated,Not rated,Not rated,Not rated,Not rated,Not rated,Not rated,Not rated,Not rated,Not rated,Not rated,Not rated,Not rated,Not rated,Not rated,Not rated,Not rated,Not rated,Not rated
71,"Casual,Colorful,Bohemian",https://cdn.gutsgusto.com/pictures/medium/82325.webp,Not rated,Not rated,Not rated,Not rated,Not rated,Not rated,Not rated,Not rated,Not rated,Not rated,Not rated,Not rated,Not rated,Not rated,Not rated,Not rated,Not rated,Not rated,Not rated,Not rated,Not rated,Not rated,Not rated,Not rated,Not rated,Not rated,Not rated,Not rated,Not rated,Not rated,Not rated,Not rated,Not rated,Not rated,Not rated,Not rated,Not rated,Not rated,Not rated,Not rated,Not rated,Not rated,Not rated,Not rated,Not rated,Not rated,True,False,True,False,False,False,False,False,False,True,True,True,True,False,True,True,True,False,False,True,Not rated,Not rated,Not rated,Not rated,Not rated,Not rated,Not rated,Not rated,Not rated,Not rated,Not rated,Not rated,Not rated,Not rated,Not rated,Not rated,Not rated,Not rated,Not rated
72,"Classic,Feminine,Casual",https://na-kd.com/globalassets/therese_lindgren_x_nakd_aristea_frill_sweater_1445-100018-0005_3_.jpg?ref=0798819B5B,Not rated,Not rated,Not rated,Not rated,Not rated,Not rated,Not rated,Not rated,Not rated,Not rated,Not rated,Not rated,Not rated,Not rated,Not rated,Not rated,Not rated,Not rated,Not rated,Not rated,Not rated,Not rated,Not rated,Not rated,Not rated,Not rated,Not rated,Not rated,Not rated,Not rated,Not rated,Not rated,Not rated,Not rated,Not rated,Not rated,Not rated,Not rated,Not rated,Not rated,Not rated,Not rated,Not rated,Not rated,Not rated,Not rated,True,False,False,False,False,True,False,False,False,False,False,True,False,False,False,True,False,False,False,False,Not rated,Not rated,Not rated,Not rated,Not rated,Not rated,Not rated,Not rated,Not rated,Not rated,Not rated,Not rated,Not rated,Not rated,Not rated,Not rated,Not rated,Not rated,Not rated
73,"Comfortable,Designer,Bold","https://img1.g-star.com/product/c_fill,f_auto,h_1038,q_80/v1623400930/D20460-C815-C616-E01/g-star-raw-89-mock-slim-top-wit.jpg",Not rated,Not rated,Not rated,Not rated,Not rated,Not rated,Not rated,Not rated,Not rated,Not rated,Not rated,Not rated,Not rated,Not rated,Not rated,Not rated,Not rated,Not rated,Not rated,Not rated,Not rated,Not rated,Not rated,Not rated,Not rated,Not rated,Not rated,Not rated,Not rated,Not rated,Not rated,Not rated,Not rated,Not rated,Not rated,Not rated,Not rated,Not rated,Not rated,Not rated,Not rated,Not rated,Not rated,Not rated,Not rated,Not rated,False,False,False,False,False,False,False,False,False,True,False,False,False,False,False,True,False,False,False,False,Not rated,Not rated,Not rated,Not rated,Not rated,Not rated,Not rated,Not rated,Not rated,Not rated,Not rated,Not rated,Not rated,Not rated,Not rated,Not rated,Not rated,Not rated,Not rated
74,"Colorful,Casual,Sexy",https://na-kd.com/globalassets/nakd_babylock_crop_top_1100-003002-0404_01a.jpg?ref=413E34AC48,Not rated,Not rated,Not rated,Not rated,Not rated,Not rated,Not rated,Not rated,Not rated,Not rated,Not rated,Not rated,Not rated,Not rated,Not rated,Not rated,Not rated,Not rated,Not rated,Not rated,Not rated,Not rated,Not rated,Not rated,Not rated,Not rated,Not rated,Not rated,Not rated,Not rated,Not rated,Not rated,Not rated,Not rated,Not rated,Not rated,Not rated,Not rated,Not rated,Not rated,Not rated,Not rated,Not rated,Not rated,Not rated,Not rated,False,True,False,False,False,False,False,False,False,True,True,True,False,False,False,True,True,False,True,False,Not rated,Not rated,Not rated,Not rated,Not rated,Not rated,Not rated,Not rated,Not rated,Not rated,Not rated,Not rated,Not rated,Not rated,Not rated,Not rated,Not rated,Not rated,Not rated
75,"Loose-fit,Casual,Comfortable",https://na-kd.com/globalassets/nakd_balloon_sleeve_check_overshirt_1018-006471-0538_04g.jpg?ref=F32A7B9728,Not rated,Not rated,Not rated,Not rated,Not rated,Not rated,Not rated,Not rated,Not rated,Not rated,Not rated,Not rated,Not rated,Not rated,Not rated,Not rated,Not rated,Not rated,Not rated,Not rated,Not rated,Not rated,Not rated,Not rated,Not rated,Not rated,Not rated,Not rated,Not rated,Not rated,Not rated,Not rated,Not rated,Not rated,Not rated,Not rated,Not rated,Not rated,Not rated,Not rated,Not rated,Not rated,Not rated,Not rated,Not rated,Not rated,True,False,True,False,False,False,False,False,False,True,True,True,True,False,False,False,True,False,False,False,Not rated,Not rated,Not rated,Not rated,Not rated,Not rated,Not rated,Not rated,Not rated,Not rated,Not rated,Not rated,Not rated,Not rated,Not rated,Not rated,Not rated,Not rated,Not rated
76,"Casual,Comfortable,Loose-fit",https://cdn.aboutstatic.com/file/images/3af14ed7255a607dbd69bc27d6135a93.jpg?brightness=0.96&quality=75&trim=1&height=1280&width=960,Not rated,Not rated,Not rated,Not rated,Not rated,Not rated,Not rated,Not rated,Not rated,Not rated,Not rated,Not rated,Not rated,Not rated,Not rated,Not rated,Not rated,Not rated,Not rated,Not rated,Not rated,Not rated,Not rated,Not rated,Not rated,Not rated,Not rated,Not rated,Not rated,Not rated,Not rated,Not rated,Not rated,Not rated,Not rated,Not rated,Not rated,Not rated,Not rated,Not rated,Not rated,Not rated,Not rated,Not rated,Not rated,Not rated,Not rated,Not rated,Not rated,Not rated,Not rated,Not rated,Not rated,Not rated,Not rated,Not rated,Not rated,Not rated,Not rated,Not rated,Not rated,Not rated,Not rated,Not rated,Not rated,Not rated,False,False,False,False,False,True,False,True,False,False,False,False,False,False,False,False,False,False,False
77,"Active,Loose-fit,Comfortable",https://images.afound.com/images/e0254564-9818-484d-855f-b3bcd105aa71/06fc17def6c04468bced42faf085500b.jpg?preset=productcard,Not rated,Not rated,Not rated,Not rated,Not rated,Not rated,Not rated,Not rated,Not rated,Not rated,Not rated,Not rated,Not rated,Not rated,Not rated,Not rated,Not rated,Not rated,Not rated,Not rated,Not rated,Not rated,Not rated,Not rated,Not rated,Not rated,Not rated,Not rated,Not rated,Not rated,Not rated,Not rated,Not rated,Not rated,Not rated,Not rated,Not rated,Not rated,Not rated,Not rated,Not rated,Not rated,Not rated,Not rated,Not rated,Not rated,Not rated,Not rated,Not rated,Not rated,Not rated,Not rated,Not rated,Not rated,Not rated,Not rated,Not rated,Not rated,Not rated,Not rated,Not rated,Not rated,Not rated,Not rated,Not rated,Not rated,True,True,False,False,False,False,False,False,False,False,False,False,False,False,False,False,False,False,False
78,"Casual,Feminine,Form-fitting",https://images.afound.com/images/7ce831a2-6444-4688-b765-0841499ab09b/8fcad73cb995406c89bb7d8b36243429.jpg?preset=productcard,Not rated,Not rated,Not rated,Not rated,Not rated,Not rated,Not rated,Not rated,Not rated,Not rated,Not rated,Not rated,Not rated,Not rated,Not rated,Not rated,Not rated,Not rated,Not rated,Not rated,Not rated,Not rated,Not rated,Not rated,Not rated,Not rated,Not rated,Not rated,Not rated,Not rated,Not rated,Not rated,Not rated,Not rated,Not rated,Not rated,Not rated,Not rated,Not rated,Not rated,Not rated,Not rated,Not rated,Not rated,Not rated,Not rated,Not rated,Not rated,Not rated,Not rated,Not rated,Not rated,Not rated,Not rated,Not rated,Not rated,Not rated,Not rated,Not rated,Not rated,Not rated,Not rated,Not rated,Not rated,Not rated,Not rated,True,True,True,False,False,False,False,True,True,False,True,False,True,True,False,False,False,False,False
79,"Playful,Colorful,Feminine",https://images.afound.com/images/4cdc5657-564d-4d44-bd1c-9f28571f9111/9ec5f51af3eb4251bfc453652d927508.jpg?preset=productcard,Not rated,Not rated,Not rated,Not rated,Not rated,Not rated,Not rated,Not rated,Not rated,Not rated,Not rated,Not rated,Not rated,Not rated,Not rated,Not rated,Not rated,Not rated,Not rated,Not rated,Not rated,Not rated,Not rated,Not rated,Not rated,Not rated,Not rated,Not rated,Not rated,Not rated,Not rated,Not rated,Not rated,Not rated,Not rated,Not rated,Not rated,Not rated,Not rated,Not rated,Not rated,Not rated,Not rated,Not rated,Not rated,Not rated,Not rated,Not rated,Not rated,Not rated,Not rated,Not rated,Not rated,Not rated,Not rated,Not rated,Not rated,Not rated,Not rated,Not rated,Not rated,Not rated,Not rated,Not rated,Not rated,Not rated,False,True,False,False,False,False,False,False,True,False,False,False,True,True,False,False,False,False,False
80,"Colorful,Form-fitting,Casual",https://cdn.aboutstatic.com/file/images/30f4b564e63d8ccedb06a6c50dbcf242.jpg?brightness=0.96&quality=75&trim=1&height=1280&width=960,Not rated,Not rated,Not rated,Not rated,Not rated,Not rated,Not rated,Not rated,Not rated,Not rated,Not rated,Not rated,Not rated,Not rated,Not rated,Not rated,Not rated,Not rated,Not rated,Not rated,Not rated,Not rated,Not rated,Not rated,Not rated,Not rated,Not rated,Not rated,Not rated,Not rated,Not rated,Not rated,Not rated,Not rated,Not rated,Not rated,Not rated,Not rated,Not rated,Not rated,Not rated,Not rated,Not rated,Not rated,Not rated,Not rated,Not rated,Not rated,Not rated,Not rated,Not rated,Not rated,Not rated,Not rated,Not rated,Not rated,Not rated,Not rated,Not rated,Not rated,Not rated,Not rated,Not rated,Not rated,Not rated,Not rated,False,False,False,False,False,True,False,False,True,False,False,False,False,False,False,False,False,False,False
81,"Casual,Comfortable,Classic",https://esprit.scene7.com/is/image/esprit/091EE1K354_560_20? ùëÜùêπùê∂ùê∂ùêø,Not rated,Not rated,Not rated,Not rated,Not rated,Not rated,Not rated,Not rated,Not rated,Not rated,Not rated,Not rated,Not rated,Not rated,Not rated,Not rated,Not rated,Not rated,Not rated,Not rated,Not rated,Not rated,Not rated,Not rated,Not rated,Not rated,Not rated,Not rated,Not rated,Not rated,Not rated,Not rated,Not rated,Not rated,Not rated,Not rated,Not rated,Not rated,Not rated,Not rated,Not rated,Not rated,Not rated,Not rated,Not rated,Not rated,Not rated,Not rated,Not rated,Not rated,Not rated,Not rated,Not rated,Not rated,Not rated,Not rated,Not rated,Not rated,Not rated,Not rated,Not rated,Not rated,Not rated,Not rated,Not rated,Not rated,True,True,True,False,False,True,False,False,True,False,True,True,True,False,False,False,False,False,False
82,"Casual,Classic,Minimalistic",https://esprit.scene7.com/is/image/esprit/101EE1K313_110_10? ùëÜùêπùê∂ùê∂ùêø,Not rated,Not rated,Not rated,Not rated,Not rated,Not rated,Not rated,Not rated,Not rated,Not rated,Not rated,Not rated,Not rated,Not rated,Not rated,Not rated,Not rated,Not rated,Not rated,Not rated,Not rated,Not rated,Not rated,Not rated,Not rated,Not rated,Not rated,Not rated,Not rated,Not rated,Not rated,Not rated,Not rated,Not rated,Not rated,Not rated,Not rated,Not rated,Not rated,Not rated,Not rated,Not rated,Not rated,Not rated,Not rated,Not rated,Not rated,Not rated,Not rated,Not rated,Not rated,Not rated,Not rated,Not rated,Not rated,Not rated,Not rated,Not rated,Not rated,Not rated,Not rated,Not rated,Not rated,Not rated,Not rated,Not rated,False,False,True,False,False,True,False,True,True,True,True,True,False,True,False,False,False,True,True
83,"Chic,Feminine,Formal",https://esprit.scene7.com/is/image/esprit/111EO1F305_001_10? ùëÜùêπùê∂ùê∂ùêø,Not rated,Not rated,Not rated,Not rated,Not rated,Not rated,Not rated,Not rated,Not rated,Not rated,Not rated,Not rated,Not rated,Not rated,Not rated,Not rated,Not rated,Not rated,Not rated,Not rated,Not rated,Not rated,Not rated,Not rated,Not rated,Not rated,Not rated,Not rated,Not rated,Not rated,Not rated,Not rated,Not rated,Not rated,Not rated,Not rated,Not rated,Not rated,Not rated,Not rated,Not rated,Not rated,Not rated,Not rated,Not rated,Not rated,Not rated,Not rated,Not rated,Not rated,Not rated,Not rated,Not rated,Not rated,Not rated,Not rated,Not rated,Not rated,Not rated,Not rated,Not rated,Not rated,Not rated,Not rated,Not rated,Not rated,False,False,True,False,False,True,False,True,True,True,False,True,True,True,False,False,False,True,False
84,"Sexy,Feminine,Party",https://cdn.gutsgusto.com/pictures/medium/63194.webp,Not rated,Not rated,Not rated,Not rated,Not rated,Not rated,Not rated,Not rated,Not rated,Not rated,Not rated,Not rated,Not rated,Not rated,Not rated,Not rated,Not rated,Not rated,Not rated,Not rated,Not rated,Not rated,Not rated,Not rated,Not rated,Not rated,Not rated,Not rated,Not rated,Not rated,Not rated,Not rated,Not rated,Not rated,Not rated,Not rated,Not rated,Not rated,Not rated,Not rated,Not rated,Not rated,Not rated,Not rated,Not rated,Not rated,Not rated,Not rated,Not rated,Not rated,Not rated,Not rated,Not rated,Not rated,Not rated,Not rated,Not rated,Not rated,Not rated,Not rated,Not rated,Not rated,Not rated,Not rated,Not rated,Not rated,True,True,False,False,False,True,False,False,True,False,True,False,True,True,False,False,False,False,False
85,"Feminine,Romantic,Bohemian",https://cdn.gutsgusto.com/pictures/medium/82839-1.webp,Not rated,Not rated,Not rated,Not rated,Not rated,Not rated,Not rated,Not rated,Not rated,Not rated,Not rated,Not rated,Not rated,Not rated,Not rated,Not rated,Not rated,Not rated,Not rated,Not rated,Not rated,Not rated,Not rated,Not rated,Not rated,Not rated,Not rated,Not rated,Not rated,Not rated,Not rated,Not rated,Not rated,Not rated,Not rated,Not rated,Not rated,Not rated,Not rated,Not rated,Not rated,Not rated,Not rated,Not rated,Not rated,Not rated,Not rated,Not rated,Not rated,Not rated,Not rated,Not rated,Not rated,Not rated,Not rated,Not rated,Not rated,Not rated,Not rated,Not rated,Not rated,Not rated,Not rated,Not rated,Not rated,Not rated,True,False,True,False,False,False,False,True,True,True,False,False,True,False,False,False,False,False,False
86,"Comfortable,Minimalistic,Casual",https://cdn.aboutstatic.com/file/images/38057364415e1fb7f1b56c748740cf92.jpg?brightness=0.96&quality=75&trim=1&height=1280&width=960,Not rated,Not rated,Not rated,Not rated,Not rated,Not rated,Not rated,Not rated,Not rated,Not rated,Not rated,Not rated,Not rated,Not rated,Not rated,Not rated,Not rated,Not rated,Not rated,Not rated,Not rated,Not rated,Not rated,Not rated,Not rated,Not rated,Not rated,Not rated,Not rated,Not rated,Not rated,Not rated,Not rated,Not rated,Not rated,Not rated,Not rated,Not rated,Not rated,Not rated,Not rated,Not rated,Not rated,Not rated,Not rated,Not rated,Not rated,Not rated,Not rated,Not rated,Not rated,Not rated,Not rated,Not rated,Not rated,Not rated,Not rated,Not rated,Not rated,Not rated,Not rated,Not rated,Not rated,Not rated,Not rated,Not rated,False,False,False,False,False,False,False,False,False,False,True,False,True,False,False,False,False,True,True
87,"Loose-fit,Casual,Comfortable",https://na-kd.com/globalassets/abrand_aoversized_cropped_tee_1613-000034-0001_01c-copy.jpg?ref=0172856FDD,Not rated,Not rated,Not rated,Not rated,Not rated,Not rated,Not rated,Not rated,Not rated,Not rated,Not rated,Not rated,Not rated,Not rated,Not rated,Not rated,Not rated,Not rated,Not rated,Not rated,Not rated,Not rated,Not rated,Not rated,Not rated,Not rated,Not rated,Not rated,Not rated,Not rated,Not rated,Not rated,Not rated,Not rated,Not rated,Not rated,Not rated,Not rated,Not rated,Not rated,Not rated,Not rated,Not rated,Not rated,Not rated,Not rated,Not rated,Not rated,Not rated,Not rated,Not rated,Not rated,Not rated,Not rated,Not rated,Not rated,Not rated,Not rated,Not rated,Not rated,Not rated,Not rated,Not rated,Not rated,Not rated,Not rated,True,True,False,False,False,True,False,True,True,False,False,False,False,True,False,False,False,False,False
88,"Loose-fit,Comfortable,Casual",https://images.afound.com/images/a4683d1c-433c-48b1-a56d-cb66d03099f1/af6768c603724abfbf8896e743bb5c05.jpg?preset=productcard,Not rated,Not rated,Not rated,Not rated,Not rated,Not rated,Not rated,Not rated,Not rated,Not rated,Not rated,Not rated,Not rated,Not rated,Not rated,Not rated,Not rated,Not rated,Not rated,Not rated,Not rated,Not rated,Not rated,Not rated,Not rated,Not rated,Not rated,Not rated,Not rated,Not rated,Not rated,Not rated,Not rated,Not rated,Not rated,Not rated,Not rated,Not rated,Not rated,Not rated,Not rated,Not rated,Not rated,Not rated,Not rated,Not rated,Not rated,Not rated,Not rated,Not rated,Not rated,Not rated,Not rated,Not rated,Not rated,Not rated,Not rated,Not rated,Not rated,Not rated,Not rated,Not rated,Not rated,Not rated,Not rated,Not rated,True,True,True,False,False,False,False,False,False,False,False,False,False,False,False,False,False,False,False
89,"Casual,Comfortable,Loose-fit",https://na-kd.com/globalassets/drdenim_alva_trucker_jacket_1575-000051-9041_01a.jpg?ref=4CF7C8CD40,Not rated,Not rated,Not rated,Not rated,Not rated,Not rated,Not rated,Not rated,Not rated,Not rated,Not rated,Not rated,Not rated,Not rated,Not rated,Not rated,Not rated,Not rated,Not rated,Not rated,Not rated,Not rated,Not rated,Not rated,Not rated,Not rated,Not rated,Not rated,Not rated,Not rated,Not rated,Not rated,Not rated,Not rated,Not rated,Not rated,Not rated,Not rated,Not rated,Not rated,Not rated,Not rated,Not rated,Not rated,Not rated,Not rated,Not rated,Not rated,Not rated,Not rated,Not rated,Not rated,Not rated,Not rated,Not rated,Not rated,Not rated,Not rated,Not rated,Not rated,Not rated,Not rated,Not rated,Not rated,Not rated,Not rated,True,True,True,False,False,True,False,True,True,False,True,True,True,False,False,False,False,False,False
90,"Form-fitting,Contemporary,Bold","https://img1.g-star.com/product/c_fill,f_auto,h_1038,q_80/v1619120427/D20766-C565-C815-E01/g-star-raw-col-top-slim-all-over-print-meerkleurig.jpg",Not rated,Not rated,Not rated,Not rated,Not rated,Not rated,Not rated,Not rated,Not rated,Not rated,Not rated,Not rated,Not rated,Not rated,Not rated,Not rated,Not rated,Not rated,Not rated,Not rated,Not rated,Not rated,Not rated,Not rated,Not rated,Not rated,Not rated,Not rated,Not rated,Not rated,Not rated,Not rated,Not rated,Not rated,Not rated,Not rated,Not rated,Not rated,Not rated,Not rated,Not rated,Not rated,Not rated,Not rated,Not rated,Not rated,Not rated,Not rated,Not rated,Not rated,Not rated,Not rated,Not rated,Not rated,Not rated,Not rated,Not rated,Not rated,Not rated,Not rated,Not rated,Not rated,Not rated,Not rated,Not rated,Not rated,False,True,False,False,False,True,False,False,False,False,True,False,True,True,False,False,False,True,True
91,"Loose-fit,Comfortable,Goth",https://na-kd.com/globalassets/isha_armhole_cut_detail_pversized_tee_1676-000021-0228_01g.jpg?ref=73110B9F1D,Not rated,Not rated,Not rated,Not rated,Not rated,Not rated,Not rated,Not rated,Not rated,Not rated,Not rated,Not rated,Not rated,Not rated,Not rated,Not rated,Not rated,Not rated,Not rated,Not rated,Not rated,Not rated,Not rated,Not rated,Not rated,Not rated,Not rated,Not rated,Not rated,Not rated,Not rated,Not rated,Not rated,Not rated,Not rated,Not rated,Not rated,Not rated,Not rated,Not rated,Not rated,Not rated,Not rated,Not rated,Not rated,Not rated,Not rated,Not rated,Not rated,Not rated,Not rated,Not rated,Not rated,Not rated,Not rated,Not rated,Not rated,Not rated,Not rated,Not rated,Not rated,Not rated,Not rated,Not rated,Not rated,Not rated,False,False,False,False,False,True,False,False,True,False,False,False,False,False,False,False,False,False,False
92,"Feminine,Playful,Casual",https://na-kd.com/globalassets/mango_animal_shirt_1587-000391-0017_01a.jpg?ref=2E3E6CD12F,Not rated,Not rated,Not rated,Not rated,Not rated,Not rated,Not rated,Not rated,Not rated,Not rated,Not rated,Not rated,Not rated,Not rated,Not rated,Not rated,Not rated,Not rated,Not rated,Not rated,Not rated,Not rated,Not rated,Not rated,Not rated,Not rated,Not rated,Not rated,Not rated,Not rated,Not rated,Not rated,Not rated,Not rated,Not rated,Not rated,Not rated,Not rated,Not rated,Not rated,Not rated,Not rated,Not rated,Not rated,Not rated,Not rated,Not rated,Not rated,Not rated,Not rated,Not rated,Not rated,Not rated,Not rated,Not rated,Not rated,Not rated,Not rated,Not rated,Not rated,Not rated,Not rated,Not rated,Not rated,Not rated,Not rated,False,False,False,False,False,True,False,True,True,False,False,True,False,True,False,False,False,True,False
93,"Colorful,Casual,Form-fitting",https://na-kd.com/globalassets/nakd_assymetric_neckline_ribbed_knitted_sweater_1100-003133-0368_04g.jpg?ref=CF75DF464F,Not rated,Not rated,Not rated,Not rated,Not rated,Not rated,Not rated,Not rated,Not rated,Not rated,Not rated,Not rated,Not rated,Not rated,Not rated,Not rated,Not rated,Not rated,Not rated,Not rated,Not rated,Not rated,Not rated,Not rated,Not rated,Not rated,Not rated,Not rated,Not rated,Not rated,Not rated,Not rated,Not rated,Not rated,Not rated,Not rated,Not rated,Not rated,Not rated,Not rated,Not rated,Not rated,Not rated,Not rated,Not rated,Not rated,Not rated,Not rated,Not rated,Not rated,Not rated,Not rated,Not rated,Not rated,Not rated,Not rated,Not rated,Not rated,Not rated,Not rated,Not rated,Not rated,Not rated,Not rated,Not rated,Not rated,True,True,True,False,False,False,False,True,True,False,True,True,True,True,False,False,False,True,False
94,"Casual,Minimalistic,Comfortable",https://na-kd.com/globalassets/nakd_babylock_button_detail_top_1100-004409-0617_01a.jpg?ref=BDF3CFB5A4,Not rated,Not rated,Not rated,Not rated,Not rated,Not rated,Not rated,Not rated,Not rated,Not rated,Not rated,Not rated,Not rated,Not rated,Not rated,Not rated,Not rated,Not rated,Not rated,Not rated,Not rated,Not rated,Not rated,Not rated,Not rated,Not rated,Not rated,Not rated,Not rated,Not rated,Not rated,Not rated,Not rated,Not rated,Not rated,Not rated,Not rated,Not rated,Not rated,Not rated,Not rated,Not rated,Not rated,Not rated,Not rated,Not rated,Not rated,Not rated,Not rated,Not rated,Not rated,Not rated,Not rated,Not rated,Not rated,Not rated,Not rated,Not rated,Not rated,Not rated,Not rated,Not rated,Not rated,Not rated,Not rated,Not rated,True,False,False,False,False,False,False,False,False,False,True,True,True,False,False,False,False,True,True
95,"Feminine,Chic,Romantic",https://na-kd.com/globalassets/nakd_balloon_sleeve_blouse_1100-002158-4070_01g_r.jpg?ref=2EDADBBB6B,Not rated,Not rated,Not rated,Not rated,Not rated,Not rated,Not rated,Not rated,Not rated,Not rated,Not rated,Not rated,Not rated,Not rated,Not rated,Not rated,Not rated,Not rated,Not rated,Not rated,Not rated,Not rated,Not rated,Not rated,Not rated,Not rated,Not rated,Not rated,Not rated,Not rated,Not rated,Not rated,Not rated,Not rated,Not rated,Not rated,Not rated,Not rated,Not rated,Not rated,Not rated,Not rated,Not rated,Not rated,Not rated,Not rated,Not rated,Not rated,Not rated,Not rated,Not rated,Not rated,Not rated,Not rated,Not rated,Not rated,Not rated,Not rated,Not rated,Not rated,Not rated,Not rated,Not rated,Not rated,Not rated,Not rated,True,False,True,False,False,True,False,False,False,True,True,False,True,True,False,False,False,True,False
96,"Colorful,Casual,Classic",https://na-kd.com/globalassets/nakd_balloon_sleeve_cable_knitted_sweater_1018-003467-0003_01a.jpg?ref=D6A7667D0D,Not rated,Not rated,Not rated,Not rated,Not rated,Not rated,Not rated,Not rated,Not rated,Not rated,Not rated,Not rated,Not rated,Not rated,Not rated,Not rated,Not rated,Not rated,Not rated,Not rated,Not rated,Not rated,Not rated,Not rated,Not rated,Not rated,Not rated,Not rated,Not rated,Not rated,Not rated,Not rated,Not rated,Not rated,Not rated,Not rated,Not rated,Not rated,Not rated,Not rated,Not rated,Not rated,Not rated,Not rated,Not rated,Not rated,Not rated,Not rated,Not rated,Not rated,Not rated,Not rated,Not rated,Not rated,Not rated,Not rated,Not rated,Not rated,Not rated,Not rated,Not rated,Not rated,Not rated,Not rated,Not rated,Not rated,True,False,True,False,False,True,False,True,False,False,False,False,True,False,False,False,False,False,False
97,"Chic,Feminine,Classic",https://na-kd.com/globalassets/nakd_balloon_sleeve_cotton_cardigan_1674-000017-1934_01g.jpg?ref=F5DAE30BBC,Not rated,Not rated,Not rated,Not rated,Not rated,Not rated,Not rated,Not rated,Not rated,Not rated,Not rated,Not rated,Not rated,Not rated,Not rated,Not rated,Not rated,Not rated,Not rated,Not rated,Not rated,Not rated,Not rated,Not rated,Not rated,Not rated,Not rated,Not rated,Not rated,Not rated,Not rated,Not rated,Not rated,Not rated,Not rated,Not rated,Not rated,Not rated,Not rated,Not rated,Not rated,Not rated,Not rated,Not rated,Not rated,Not rated,Not rated,Not rated,Not rated,Not rated,Not rated,Not rated,Not rated,Not rated,Not rated,Not rated,Not rated,Not rated,Not rated,Not rated,Not rated,Not rated,Not rated,Not rated,Not rated,Not rated,True,False,True,False,False,True,False,True,True,True,True,True,True,True,False,False,False,True,True
98,"Feminine,Chic,Colorful",https://na-kd.com/globalassets/nakd_balloon_sleeve_tied_waist_pu_jacket_1018-003466-0115_01a_r3.jpg?ref=7EB45AC89D,Not rated,Not rated,Not rated,Not rated,Not rated,Not rated,Not rated,Not rated,Not rated,Not rated,Not rated,Not rated,Not rated,Not rated,Not rated,Not rated,Not rated,Not rated,Not rated,Not rated,Not rated,Not rated,Not rated,Not rated,Not rated,Not rated,Not rated,Not rated,Not rated,Not rated,Not rated,Not rated,Not rated,Not rated,Not rated,Not rated,Not rated,Not rated,Not rated,Not rated,Not rated,Not rated,Not rated,Not rated,Not rated,Not rated,Not rated,Not rated,Not rated,Not rated,Not rated,Not rated,Not rated,Not rated,Not rated,Not rated,Not rated,Not rated,Not rated,Not rated,Not rated,Not rated,Not rated,Not rated,Not rated,Not rated,True,True,True,False,False,True,False,True,False,True,True,False,False,True,False,False,False,False,False
99,"Casual,Comfortable,Minimalistic",https://na-kd.com/globalassets/nakd_balloon_sleeve_high_neck_short_sweater_white_1018-002015-0001_01a.jpg?ref=87409FF528,Not rated,Not rated,Not rated,Not rated,Not rated,Not rated,Not rated,Not rated,Not rated,Not rated,Not rated,Not rated,Not rated,Not rated,Not rated,Not rated,Not rated,Not rated,Not rated,Not rated,Not rated,Not rated,Not rated,Not rated,Not rated,Not rated,Not rated,Not rated,Not rated,Not rated,Not rated,Not rated,Not rated,Not rated,Not rated,Not rated,Not rated,Not rated,Not rated,Not rated,Not rated,Not rated,Not rated,Not rated,Not rated,Not rated,Not rated,Not rated,Not rated,Not rated,Not rated,Not rated,Not rated,Not rated,Not rated,Not rated,Not rated,Not rated,Not rated,Not rated,Not rated,Not rated,Not rated,Not rated,Not rated,Not rated,True,True,True,False,False,True,False,True,True,True,True,True,True,True,False,False,False,True,True
100,"Colorful,Feminine,Playful",https://na-kd.com/globalassets/nakd_balloon_sleeve_drawstring_dotted_blouse_1100-002256-0024_01a.jpg?ref=B83A6D2BC1,Not rated,Not rated,Not rated,Not rated,Not rated,Not rated,Not rated,Not rated,Not rated,Not rated,Not rated,Not rated,Not rated,Not rated,Not rated,Not rated,Not rated,Not rated,Not rated,Not rated,Not rated,Not rated,Not rated,Not rated,Not rated,Not rated,Not rated,Not rated,Not rated,Not rated,Not rated,Not rated,Not rated,Not rated,Not rated,Not rated,Not rated,Not rated,Not rated,Not rated,Not rated,Not rated,Not rated,Not rated,Not rated,Not rated,Not rated,Not rated,Not rated,Not rated,Not rated,Not rated,Not rated,Not rated,Not rated,Not rated,Not rated,Not rated,Not rated,Not rated,Not rated,Not rated,Not rated,Not rated,Not rated,Not rated,False,False,False,False,False,True,False,False,False,False,False,True,False,False,False,False,False,False,False
